const,SquareFootage,NumBedrooms,IsLuxury
1.0,645.52,1,0
1.0,1420.92,4,1
1.0,1717.65,3,1
1.0,706.56,4,0
1.0,1038.32,2,1
1.0,1701.95,4,1
1.0,1276.24,3,0
1.0,1117.43,2,0
1.0,550.0,3,0
1.0,714.11,3,0
1.0,739.26,2,0
1.0,550.0,3,0
1.0,733.87,1,0
1.0,920.51,3,0
1.0,550.0,2,0
1.0,550.0,3,0
1.0,721.17,4,0
1.0,663.23,3,0
1.0,701.73,3,0
1.0,1099.16,3,1
1.0,920.23,2,0
1.0,1131.43,4,0
1.0,957.8,4,1
1.0,1834.27,4,1
1.0,1737.13,4,0
1.0,1092.09,3,1
1.0,1037.35,2,0
1.0,709.99,4,1
1.0,1923.32,3,0
1.0,699.29,4,1
1.0,896.81,4,1
1.0,1550.36,4,1
1.0,680.49,3,0
1.0,747.49,3,0
1.0,988.48,4,1
1.0,826.35,2,0
1.0,1309.65,3,0
1.0,756.5,2,0
1.0,1460.44,4,1
1.0,956.19,4,0
1.0,564.94,4,1
1.0,1877.32,4,1
1.0,780.23,3,1
1.0,934.62,4,1
1.0,1004.05,2,0
1.0,550.0,4,0
1.0,1354.92,2,0
1.0,1151.07,4,0
1.0,1104.28,4,1
1.0,1331.78,3,1
1.0,1253.07,3,0
1.0,670.27,2,0
1.0,1029.17,5,0
1.0,1747.75,4,1
1.0,550.0,3,0
1.0,1272.98,1,0
1.0,1608.98,3,0
1.0,627.24,5,1
1.0,550.0,1,1
1.0,1614.37,2,0
1.0,1368.21,3,1
1.0,748.56,4,0
1.0,1940.29,4,1
1.0,550.0,3,1
1.0,925.34,2,0
1.0,1654.51,3,1
1.0,1002.14,4,1
1.0,1040.5,4,1
1.0,1539.74,4,0
1.0,1666.63,1,0
1.0,1112.56,3,1
1.0,844.84,3,0
1.0,1615.39,4,1
1.0,1883.99,2,1
1.0,1789.18,3,1
1.0,576.07,2,0
1.0,1289.46,4,1
1.0,1046.87,3,1
1.0,678.79,2,0
1.0,679.42,2,0
1.0,934.7,3,0
1.0,589.22,4,0
1.0,1578.36,2,0
1.0,1348.73,3,1
1.0,2246.07,2,1
1.0,1067.3,2,0
1.0,1543.39,3,1
1.0,550.0,3,0
1.0,550.0,3,0
1.0,636.25,5,1
1.0,1797.71,2,0
1.0,1335.59,2,1
1.0,1258.66,3,0
1.0,550.0,1,1
1.0,550.0,4,0
1.0,630.03,3,0
1.0,1722.21,3,0
1.0,550.0,4,0
1.0,603.44,3,1
1.0,550.0,1,0
1.0,879.8,2,0
1.0,550.0,3,0
1.0,1230.69,4,1
1.0,2137.72,3,1
1.0,1057.2,5,1
1.0,913.16,2,1
1.0,957.72,3,1
1.0,1066.25,4,0
1.0,1441.86,3,1
1.0,1048.33,4,1
1.0,1316.69,4,0
1.0,637.96,1,1
1.0,1368.39,4,1
1.0,1001.67,2,1
1.0,1812.59,2,1
1.0,939.55,5,1
1.0,1125.06,1,1
1.0,1269.84,3,0
1.0,1247.08,5,1
1.0,916.2,4,0
1.0,1375.84,2,0
1.0,550.0,3,1
1.0,732.92,2,0
1.0,975.15,1,1
1.0,1868.73,3,1
1.0,909.16,3,0
1.0,979.58,3,0
1.0,1931.09,5,1
1.0,1769.01,3,1
1.0,936.96,5,1
1.0,873.02,2,0
1.0,937.32,3,0
1.0,891.62,4,1
1.0,550.0,2,0
1.0,550.0,2,0
1.0,696.5,2,1
1.0,550.0,2,0
1.0,550.0,2,0
1.0,1457.95,1,1
1.0,696.81,4,1
1.0,1041.16,2,0
1.0,1655.1,4,1
1.0,1509.02,5,0
1.0,561.16,5,0
1.0,1331.4,4,1
1.0,1404.98,2,1
1.0,550.0,3,0
1.0,869.01,4,0
1.0,765.65,3,0
1.0,1099.81,1,0
1.0,1481.33,3,0
1.0,550.0,4,1
1.0,1356.47,4,1
1.0,1259.29,5,1
1.0,1173.15,4,1
1.0,550.0,4,0
1.0,1842.17,4,1
1.0,1301.32,3,0
1.0,1010.17,4,1
1.0,1167.09,2,0
1.0,550.0,4,1
1.0,1219.82,4,0
1.0,1154.99,3,0
1.0,925.54,2,0
1.0,1995.41,4,0
1.0,939.61,4,1
1.0,1655.56,3,1
1.0,1653.71,2,1
1.0,2069.92,5,0
1.0,550.0,1,0
1.0,1592.1,2,1
1.0,1177.13,3,0
1.0,550.0,4,0
1.0,550.0,4,0
1.0,1952.56,4,0
1.0,974.62,3,1
1.0,1442.25,3,1
1.0,2170.86,6,1
1.0,700.38,2,0
1.0,943.64,2,0
1.0,955.04,4,1
1.0,736.19,3,1
1.0,1939.46,4,1
1.0,1362.96,5,1
1.0,550.0,4,1
1.0,1255.38,4,1
1.0,1588.03,3,1
1.0,1505.35,4,0
1.0,550.0,4,0
1.0,550.0,3,1
1.0,654.07,3,0
1.0,1012.69,3,0
1.0,1052.32,2,0
1.0,728.55,2,0
1.0,1381.83,3,0
1.0,1236.0,3,0
1.0,1168.46,1,0
1.0,600.25,4,0
1.0,904.42,3,0
1.0,550.0,4,1
1.0,1723.29,2,1
1.0,742.01,3,0
1.0,876.01,4,0
1.0,920.33,4,0
1.0,662.53,2,1
1.0,1437.02,5,1
1.0,1057.49,4,1
1.0,1412.1,3,1
1.0,1865.64,5,1
1.0,1343.09,4,1
1.0,561.26,2,0
1.0,1154.96,1,0
1.0,1138.68,4,1
1.0,1806.26,3,1
1.0,550.0,1,0
1.0,762.18,4,1
1.0,1021.28,1,0
1.0,1257.82,3,1
1.0,768.6,2,0
1.0,1705.01,2,1
1.0,1318.78,3,1
1.0,1396.01,5,1
1.0,664.28,2,0
1.0,964.97,3,1
1.0,785.82,5,1
1.0,801.77,5,1
1.0,1281.8,3,1
1.0,1033.09,2,1
1.0,1169.45,3,1
1.0,550.0,2,0
1.0,1125.23,4,1
1.0,1261.09,3,1
1.0,586.41,3,1
1.0,1225.68,2,0
1.0,550.0,3,0
1.0,796.75,1,0
1.0,550.0,3,0
1.0,748.14,3,0
1.0,782.04,2,0
1.0,1581.56,4,1
1.0,826.67,4,1
1.0,1151.93,3,1
1.0,1231.08,5,1
1.0,550.0,1,0
1.0,1162.8,4,0
1.0,1062.47,1,0
1.0,810.88,2,0
1.0,643.02,3,0
1.0,550.0,3,0
1.0,550.0,3,0
1.0,550.0,3,0
1.0,1208.45,3,1
1.0,550.0,4,0
1.0,1370.13,4,1
1.0,576.05,2,0
1.0,1295.0,2,1
1.0,676.49,4,1
1.0,965.44,2,0
1.0,939.03,4,0
1.0,1085.52,4,1
1.0,1953.8,3,1
1.0,690.37,1,0
1.0,963.92,5,1
1.0,1499.56,3,1
1.0,550.0,3,0
1.0,1247.11,4,1
1.0,878.0,3,0
1.0,550.0,2,0
1.0,1403.53,2,0
1.0,906.93,1,0
1.0,550.0,5,0
1.0,661.11,4,1
1.0,1280.96,2,0
1.0,1778.96,3,1
1.0,1320.1,3,0
1.0,858.35,4,1
1.0,1956.12,4,1
1.0,550.0,3,0
1.0,1110.45,3,1
1.0,1164.13,1,1
1.0,1651.53,4,1
1.0,1590.37,2,1
1.0,603.82,3,1
1.0,1647.31,4,1
1.0,873.9,3,0
1.0,550.0,4,1
1.0,988.76,3,1
1.0,1891.21,4,1
1.0,1180.83,3,0
1.0,1272.81,3,1
1.0,1044.43,3,0
1.0,550.0,2,0
1.0,1617.38,2,1
1.0,577.36,4,0
1.0,550.0,3,0
1.0,550.0,3,0
1.0,550.0,2,0
1.0,550.0,2,0
1.0,874.34,1,0
1.0,550.0,5,1
1.0,2068.82,5,1
1.0,550.0,2,0
1.0,1162.7,3,0
1.0,550.0,2,0
1.0,1100.88,3,0
1.0,734.59,3,0
1.0,550.0,2,0
1.0,1726.12,2,1
1.0,1262.83,2,0
1.0,1207.93,4,1
1.0,778.54,3,0
1.0,1377.9,5,1
1.0,1386.37,3,1
1.0,642.36,3,0
1.0,860.54,3,0
1.0,550.0,3,0
1.0,708.47,3,1
1.0,816.16,2,0
1.0,1214.59,3,1
1.0,550.0,3,0
1.0,550.0,2,0
1.0,1726.85,3,1
1.0,1143.1,4,1
1.0,550.0,3,0
1.0,1653.32,3,1
1.0,550.0,2,0
1.0,1332.25,3,0
1.0,1184.13,2,0
1.0,957.1,6,1
1.0,550.0,4,0
1.0,725.74,3,0
1.0,1119.65,2,0
1.0,1333.3,3,1
1.0,879.37,3,0
1.0,550.0,1,1
1.0,2010.62,4,1
1.0,550.0,1,0
1.0,982.12,2,0
1.0,1198.87,3,1
1.0,831.53,3,1
1.0,1486.63,4,1
1.0,1366.81,4,1
1.0,821.19,4,1
1.0,1258.17,4,0
1.0,1690.71,4,1
1.0,550.0,3,0
1.0,728.22,5,1
1.0,550.0,3,0
1.0,639.37,4,0
1.0,891.4,2,0
1.0,907.52,4,0
1.0,662.79,2,0
1.0,1228.64,3,1
1.0,550.0,3,0
1.0,1025.74,2,1
1.0,1301.89,4,1
1.0,1866.75,3,1
1.0,908.42,3,0
1.0,732.5,3,0
1.0,1398.64,3,1
1.0,575.16,3,0
1.0,1058.22,3,1
1.0,628.32,4,0
1.0,1629.07,3,1
1.0,1139.31,4,1
1.0,1480.25,3,0
1.0,658.34,2,0
1.0,623.77,3,0
1.0,576.65,3,0
1.0,550.0,3,0
1.0,550.0,3,1
1.0,1709.55,3,0
1.0,1139.91,3,1
1.0,969.5,3,1
1.0,550.0,5,1
1.0,793.35,1,0
1.0,1116.57,3,1
1.0,1310.88,3,1
1.0,1289.15,3,1
1.0,1885.27,3,0
1.0,765.63,3,1
1.0,968.74,2,0
1.0,1489.29,3,1
1.0,1858.88,1,1
1.0,752.01,4,0
1.0,1417.48,2,1
1.0,1594.27,2,1
1.0,611.64,2,0
1.0,859.94,1,0
1.0,1491.55,2,1
1.0,1446.86,5,1
1.0,550.0,3,0
1.0,908.6,3,1
1.0,1423.6,3,1
1.0,1574.03,3,0
1.0,550.0,3,0
1.0,677.71,3,0
1.0,690.37,2,1
1.0,2170.18,2,1
1.0,1840.34,1,0
1.0,1632.39,3,1
1.0,1005.43,3,0
1.0,998.18,5,0
1.0,1093.75,2,0
1.0,1348.39,4,1
1.0,581.94,4,1
1.0,550.0,4,1
1.0,1302.39,4,1
1.0,1625.16,4,1
1.0,1205.99,1,0
1.0,550.0,4,0
1.0,1269.8,2,0
1.0,1463.33,3,0
1.0,771.18,3,1
1.0,757.67,3,0
1.0,768.03,3,1
1.0,550.0,3,0
1.0,918.94,3,1
1.0,760.38,2,0
1.0,888.96,5,1
1.0,1610.1,1,0
1.0,550.0,3,0
1.0,1505.2,3,0
1.0,1204.99,2,0
1.0,1745.5,4,1
1.0,2269.73,2,1
1.0,550.0,5,0
1.0,708.12,4,1
1.0,1646.72,3,1
1.0,614.7,4,0
1.0,720.33,4,1
1.0,1025.38,5,1
1.0,1456.45,2,0
1.0,1395.58,2,1
1.0,550.0,5,1
1.0,1055.06,3,1
1.0,1659.19,3,1
1.0,1098.69,4,1
1.0,1809.95,3,1
1.0,1326.29,4,1
1.0,651.05,4,0
1.0,550.0,4,1
1.0,870.25,2,1
1.0,1450.56,3,1
1.0,550.0,2,1
1.0,1195.22,4,1
1.0,550.0,4,0
1.0,1168.86,2,1
1.0,1242.17,4,0
1.0,917.28,3,0
1.0,550.0,2,0
1.0,1139.91,2,0
1.0,939.78,4,1
1.0,550.0,2,0
1.0,895.52,4,1
1.0,550.0,3,1
1.0,747.84,2,0
1.0,1599.49,1,1
1.0,823.7,3,0
1.0,550.0,2,0
1.0,678.06,2,0
1.0,550.0,2,0
1.0,1965.15,3,1
1.0,770.2,4,0
1.0,1809.96,6,1
1.0,884.33,3,0
1.0,755.0,4,1
1.0,1212.97,4,1
1.0,1852.27,3,1
1.0,550.0,3,0
1.0,666.18,2,0
1.0,1338.96,1,1
1.0,550.0,2,0
1.0,924.97,2,0
1.0,1591.14,4,1
1.0,1237.01,3,1
1.0,778.67,2,0
1.0,550.0,1,1
1.0,550.0,3,1
1.0,550.0,4,0
1.0,749.67,3,0
1.0,986.24,2,0
1.0,1015.29,5,1
1.0,1379.86,3,1
1.0,834.25,4,1
1.0,1743.48,3,1
1.0,1499.48,4,1
1.0,550.0,2,0
1.0,550.0,1,0
1.0,1507.28,4,1
1.0,550.0,3,1
1.0,667.13,2,1
1.0,1105.77,2,0
1.0,1380.55,3,0
1.0,1192.28,3,1
1.0,550.0,2,0
1.0,1269.76,3,0
1.0,926.57,4,1
1.0,550.0,3,0
1.0,1178.57,2,0
1.0,1092.1,2,0
1.0,1022.56,3,0
1.0,550.0,3,0
1.0,1530.81,4,1
1.0,2163.35,4,1
1.0,1450.43,2,0
1.0,1743.58,3,1
1.0,1036.05,3,1
1.0,550.0,3,0
1.0,1055.65,1,0
1.0,1171.54,4,1
1.0,734.98,3,0
1.0,1128.16,2,0
1.0,1131.51,2,0
1.0,940.02,2,0
1.0,975.57,2,0
1.0,747.48,3,0
1.0,585.81,2,0
1.0,550.0,4,1
1.0,1703.66,4,1
1.0,902.27,5,1
1.0,1695.37,5,1
1.0,1314.72,4,0
1.0,550.0,4,0
1.0,827.25,3,0
1.0,1159.68,3,0
1.0,1096.07,5,1
1.0,550.0,2,0
1.0,550.0,3,0
1.0,1276.99,4,0
1.0,1156.34,2,1
1.0,885.44,4,1
1.0,902.24,4,0
1.0,1511.89,3,1
1.0,550.0,3,0
1.0,1201.96,2,0
1.0,1399.62,3,0
1.0,891.59,2,1
1.0,792.58,2,0
1.0,1138.98,4,1
1.0,1074.5,3,1
1.0,1417.73,4,1
1.0,1016.92,3,1
1.0,1138.0,4,1
1.0,862.05,4,1
1.0,801.11,4,0
1.0,737.11,4,1
1.0,1756.7,4,1
1.0,550.0,4,1
1.0,1427.16,3,0
1.0,550.0,3,0
1.0,550.0,3,1
1.0,1273.14,3,0
1.0,1278.89,3,0
1.0,1465.35,3,1
1.0,1103.23,2,0
1.0,1559.91,4,1
1.0,550.0,3,0
1.0,878.21,1,0
1.0,1454.36,2,1
1.0,876.67,4,0
1.0,849.06,2,0
1.0,1055.31,5,1
1.0,1473.2,3,0
1.0,1089.88,3,1
1.0,984.42,4,0
1.0,995.68,3,0
1.0,613.33,4,1
1.0,564.44,1,0
1.0,1657.16,2,1
1.0,2295.73,3,1
1.0,550.0,3,0
1.0,924.7,4,0
1.0,550.0,3,0
1.0,1153.69,6,1
1.0,1301.39,2,1
1.0,850.91,4,1
1.0,943.89,3,0
1.0,550.0,3,1
1.0,648.46,2,1
1.0,1659.3,5,1
1.0,1109.34,3,0
1.0,1026.36,5,1
1.0,682.33,2,0
1.0,1261.06,3,0
1.0,952.97,3,1
1.0,1385.27,4,1
1.0,642.63,2,0
1.0,652.25,3,0
1.0,1140.39,3,0
1.0,550.0,2,1
1.0,681.71,4,1
1.0,550.0,5,1
1.0,2061.42,2,0
1.0,890.09,4,1
1.0,670.91,3,1
1.0,996.24,3,1
1.0,1557.12,3,1
1.0,678.71,4,0
1.0,1199.79,3,0
1.0,1198.92,2,0
1.0,1251.03,3,1
1.0,1587.13,3,1
1.0,550.0,4,1
1.0,550.0,2,0
1.0,579.11,3,0
1.0,714.24,2,0
1.0,1709.18,4,1
1.0,895.85,4,1
1.0,1152.58,3,0
1.0,550.0,3,0
1.0,1124.14,3,0
1.0,1724.89,3,1
1.0,550.0,3,0
1.0,1133.71,5,1
1.0,625.88,2,0
1.0,1384.97,2,0
1.0,976.35,3,0
1.0,550.0,3,1
1.0,550.0,4,0
1.0,1648.37,2,0
1.0,975.2,3,1
1.0,650.07,3,0
1.0,724.62,3,0
1.0,1250.06,2,1
1.0,1419.79,2,0
1.0,550.0,2,0
1.0,825.43,2,0
1.0,1267.94,5,1
1.0,550.0,6,1
1.0,2240.87,1,0
1.0,1026.14,3,0
1.0,1009.33,4,1
1.0,1966.16,1,0
1.0,1001.9,4,1
1.0,653.45,2,1
1.0,1403.85,3,1
1.0,720.92,2,0
1.0,896.7,3,0
1.0,934.57,1,0
1.0,1865.22,3,1
1.0,805.65,1,0
1.0,550.0,4,0
1.0,1383.96,4,1
1.0,663.24,2,1
1.0,2015.84,5,1
1.0,1593.51,2,0
1.0,782.9,3,1
1.0,2398.23,5,1
1.0,1578.04,4,1
1.0,1004.49,3,1
1.0,997.36,3,0
1.0,929.41,3,0
1.0,1258.89,3,0
1.0,1011.74,3,0
1.0,1484.17,4,0
1.0,550.0,4,1
1.0,635.71,5,1
1.0,1049.26,4,0
1.0,550.0,2,1
1.0,1496.53,5,1
1.0,1162.89,4,1
1.0,550.0,3,1
1.0,690.05,1,0
1.0,804.9,3,0
1.0,1065.81,2,0
1.0,915.33,4,1
1.0,1920.34,3,1
1.0,1068.86,3,0
1.0,1175.28,4,1
1.0,550.0,4,1
1.0,550.0,2,0
1.0,781.76,5,1
1.0,1987.99,4,1
1.0,1575.75,4,1
1.0,1722.27,3,0
1.0,846.6,3,0
1.0,661.87,4,1
1.0,550.0,5,0
1.0,907.68,3,0
1.0,1225.45,3,1
1.0,550.0,3,0
1.0,550.0,3,1
1.0,550.0,4,1
1.0,1173.08,2,1
1.0,550.0,3,0
1.0,726.25,2,0
1.0,1366.27,3,1
1.0,1506.08,4,1
1.0,856.67,3,1
1.0,1666.44,3,1
1.0,837.24,3,0
1.0,588.25,3,0
1.0,1470.97,4,1
1.0,1016.49,3,1
1.0,1152.85,3,1
1.0,1084.17,2,0
1.0,1807.95,3,0
1.0,550.0,3,0
1.0,1165.21,3,1
1.0,585.01,2,0
1.0,550.0,3,0
1.0,550.0,2,0
1.0,850.67,3,1
1.0,1230.48,3,0
1.0,1036.2,4,0
1.0,550.0,4,0
1.0,2816.76,1,1
1.0,1522.63,5,1
1.0,600.38,3,1
1.0,550.0,2,0
1.0,897.24,3,1
1.0,754.31,4,0
1.0,1289.57,3,1
1.0,1063.24,3,0
1.0,696.07,2,0
1.0,795.11,4,1
1.0,912.52,2,0
1.0,857.66,4,1
1.0,1258.83,2,1
1.0,1676.03,5,1
1.0,813.95,4,1
1.0,788.01,3,0
1.0,576.91,2,0
1.0,872.78,3,1
1.0,2057.02,4,0
1.0,1651.12,2,1
1.0,688.09,3,1
1.0,550.0,4,0
1.0,1194.06,3,0
1.0,1449.62,4,1
1.0,1447.61,4,1
1.0,1070.65,2,1
1.0,1212.51,1,1
1.0,550.0,3,1
1.0,1086.8,4,1
1.0,550.0,5,0
1.0,1165.33,2,0
1.0,833.44,3,1
1.0,960.37,3,1
1.0,805.92,5,1
1.0,550.0,3,0
1.0,1041.61,5,0
1.0,1523.17,4,1
1.0,996.16,2,1
1.0,857.2,3,0
1.0,758.47,3,1
1.0,550.0,3,1
1.0,550.0,4,0
1.0,1316.87,4,1
1.0,1050.07,4,1
1.0,672.98,1,0
1.0,550.0,3,0
1.0,1434.89,3,1
1.0,550.0,2,0
1.0,550.0,3,0
1.0,550.0,4,0
1.0,844.14,2,0
1.0,1053.33,2,1
1.0,1406.52,3,1
1.0,550.0,2,0
1.0,1022.52,4,1
1.0,550.0,4,1
1.0,1584.58,5,1
1.0,1608.94,5,0
1.0,1128.87,4,1
1.0,1274.43,4,1
1.0,1871.75,4,1
1.0,731.64,3,0
1.0,550.0,5,0
1.0,601.22,2,0
1.0,1810.83,4,1
1.0,550.0,3,0
1.0,965.59,2,0
1.0,1291.47,4,1
1.0,995.09,3,0
1.0,550.0,2,0
1.0,1383.97,4,1
1.0,550.0,1,1
1.0,550.0,3,1
1.0,1346.8,4,1
1.0,1636.48,2,0
1.0,1445.21,4,1
1.0,617.7,1,0
1.0,1415.76,4,1
1.0,1928.68,3,1
1.0,834.38,3,0
1.0,933.54,3,0
1.0,612.06,4,1
1.0,550.0,3,1
1.0,1643.35,3,1
1.0,634.81,5,1
1.0,1314.28,4,0
1.0,1758.77,4,1
1.0,1382.66,2,1
1.0,612.66,2,0
1.0,725.59,3,0
1.0,1648.57,1,0
1.0,663.52,5,1
1.0,1360.17,3,1
1.0,680.25,3,1
1.0,550.0,4,0
1.0,857.01,2,0
1.0,792.58,4,0
1.0,957.99,4,1
1.0,559.57,3,0
1.0,1204.79,5,1
1.0,1342.22,2,0
1.0,556.89,2,0
1.0,1494.94,2,0
1.0,1461.93,3,0
1.0,1790.88,2,1
1.0,915.44,3,0
1.0,1013.51,2,0
1.0,1086.21,4,1
1.0,1241.63,2,1
1.0,550.0,3,0
1.0,550.0,3,0
1.0,879.48,4,1
1.0,550.0,2,0
1.0,1663.91,3,0
1.0,638.38,4,1
1.0,1202.03,1,0
1.0,1140.45,4,1
1.0,550.0,3,1
1.0,1163.6,4,1
1.0,550.0,1,0
1.0,860.83,6,1
1.0,1431.12,4,1
1.0,1161.07,1,0
1.0,550.0,3,0
1.0,1438.23,3,0
1.0,1345.99,3,1
1.0,1179.79,3,1
1.0,1043.59,4,1
1.0,714.9,3,1
1.0,718.51,3,1
1.0,1337.46,3,1
1.0,617.43,1,0
1.0,550.0,5,1
1.0,550.0,3,0
1.0,559.1,1,0
1.0,1860.12,4,1
1.0,1177.16,2,1
1.0,896.66,2,0
1.0,624.05,2,0
1.0,2004.49,3,1
1.0,550.0,4,0
1.0,550.0,2,0
1.0,1498.46,5,1
1.0,644.63,3,1
1.0,1505.14,3,0
1.0,1099.56,3,1
1.0,1919.08,4,1
1.0,792.4,3,1
1.0,1486.85,3,1
1.0,1251.83,2,0
1.0,938.79,3,1
1.0,874.22,3,0
1.0,1013.74,5,0
1.0,579.17,3,1
1.0,1183.73,2,1
1.0,1044.76,3,1
1.0,550.0,4,0
1.0,1022.41,3,1
1.0,810.43,4,1
1.0,1246.98,3,1
1.0,976.2,2,0
1.0,1565.14,4,1
1.0,1232.61,3,0
1.0,1335.3,4,1
1.0,550.0,4,1
1.0,605.16,2,1
1.0,550.0,2,0
1.0,1371.3,4,1
1.0,811.64,1,0
1.0,962.85,3,1
1.0,996.4,2,0
1.0,1575.36,2,0
1.0,875.41,4,0
1.0,812.78,4,1
1.0,691.66,2,0
1.0,1447.9,3,1
1.0,1505.89,1,1
1.0,1995.6,3,1
1.0,680.27,2,0
1.0,1496.88,5,1
1.0,590.26,4,1
1.0,1229.94,2,1
1.0,761.51,4,1
1.0,550.0,1,0
1.0,1411.12,4,1
1.0,826.42,3,0
1.0,1475.81,4,0
1.0,550.0,4,1
1.0,1216.33,4,1
1.0,550.0,3,0
1.0,1115.77,3,0
1.0,985.17,2,0
1.0,1125.46,3,0
1.0,2592.94,3,1
1.0,950.35,3,1
1.0,1378.36,2,1
1.0,893.55,4,1
1.0,1930.0,3,1
1.0,1013.29,2,0
1.0,1529.95,3,1
1.0,1523.56,3,1
1.0,781.98,4,1
1.0,1454.39,3,1
1.0,659.08,4,0
1.0,550.0,1,0
1.0,1228.89,4,1
1.0,1433.02,1,0
1.0,821.43,3,1
1.0,1160.49,3,1
1.0,1168.67,2,0
1.0,550.0,3,0
1.0,862.9,4,1
1.0,1417.34,2,0
1.0,550.0,3,1
1.0,1571.7,4,1
1.0,601.46,3,1
1.0,550.0,2,1
1.0,1109.85,2,0
1.0,1536.47,2,1
1.0,895.14,3,0
1.0,786.88,3,0
1.0,590.41,1,0
1.0,550.0,5,1
1.0,615.55,4,0
1.0,1808.9,3,1
1.0,965.33,3,1
1.0,935.16,4,1
1.0,1648.71,2,1
1.0,1620.64,2,1
1.0,1531.42,4,1
1.0,665.08,3,1
1.0,1423.57,6,1
1.0,829.55,4,0
1.0,774.79,2,0
1.0,808.7,3,0
1.0,1220.57,3,1
1.0,2121.6,3,1
1.0,1546.85,3,1
1.0,1193.27,3,0
1.0,1515.07,3,1
1.0,571.69,3,0
1.0,707.14,4,1
1.0,1417.24,4,0
1.0,868.5,4,1
1.0,1538.12,3,1
1.0,1440.35,3,1
1.0,1177.49,3,1
1.0,897.6,4,1
1.0,828.83,2,0
1.0,859.96,3,0
1.0,571.99,4,1
1.0,550.0,4,0
1.0,1466.77,3,1
1.0,661.47,2,0
1.0,1173.31,1,0
1.0,1475.63,4,1
1.0,550.0,5,0
1.0,994.11,3,1
1.0,617.7,2,0
1.0,1295.39,2,0
1.0,550.0,2,0
1.0,1454.19,1,0
1.0,1496.1,2,0
1.0,1342.51,4,0
1.0,987.0,4,1
1.0,854.64,3,0
1.0,864.12,3,1
1.0,933.34,2,1
1.0,1366.15,4,1
1.0,984.08,2,0
1.0,978.82,3,0
1.0,1046.69,2,0
1.0,891.35,2,0
1.0,1447.99,3,0
1.0,931.73,2,0
1.0,759.25,4,0
1.0,1239.85,2,1
1.0,550.0,4,0
1.0,550.0,3,1
1.0,1072.97,2,0
1.0,1411.35,3,1
1.0,1063.59,2,0
1.0,1209.54,4,1
1.0,967.5,1,0
1.0,1340.86,3,1
1.0,898.42,2,0
1.0,550.0,3,0
1.0,736.06,4,1
1.0,856.29,3,0
1.0,1193.66,2,1
1.0,661.34,3,0
1.0,1681.9,4,1
1.0,550.0,2,0
1.0,550.0,4,0
1.0,550.0,1,0
1.0,1302.08,3,1
1.0,897.34,3,0
1.0,738.56,3,1
1.0,1483.89,2,0
1.0,1773.43,3,0
1.0,550.0,2,0
1.0,1313.83,4,0
1.0,1754.53,4,1
1.0,660.2,3,0
1.0,2393.06,4,1
1.0,2031.17,5,1
1.0,1190.73,2,1
1.0,946.99,3,0
1.0,1055.58,3,1
1.0,652.85,4,1
1.0,550.0,2,0
1.0,1056.18,4,0
1.0,877.32,4,0
1.0,1386.69,4,0
1.0,1492.49,3,1
1.0,2240.4,2,1
1.0,550.0,2,0
1.0,1486.55,4,0
1.0,571.47,4,1
1.0,1662.01,3,1
1.0,1284.46,2,1
1.0,1411.04,5,1
1.0,1218.0,2,0
1.0,550.0,2,0
1.0,1721.9,4,1
1.0,1048.32,2,1
1.0,761.55,5,1
1.0,550.0,3,0
1.0,2122.41,3,1
1.0,959.84,3,0
1.0,761.29,3,0
1.0,550.0,3,0
1.0,958.82,3,1
1.0,2003.66,2,1
1.0,998.15,3,0
1.0,1841.69,2,1
1.0,1243.54,3,0
1.0,550.0,4,0
1.0,550.0,2,0
1.0,1155.29,3,1
1.0,1229.67,2,0
1.0,1487.28,3,1
1.0,550.0,3,0
1.0,550.0,4,1
1.0,550.0,2,0
1.0,550.0,3,0
1.0,1134.91,4,1
1.0,1074.52,3,0
1.0,894.63,4,1
1.0,550.0,2,0
1.0,826.08,2,0
1.0,1504.65,1,0
1.0,1573.03,2,0
1.0,1530.0,3,0
1.0,1715.76,5,1
1.0,723.76,3,0
1.0,1723.02,3,0
1.0,1155.62,2,0
1.0,550.0,3,0
1.0,550.0,2,0
1.0,550.0,5,1
1.0,887.74,4,1
1.0,901.0,3,1
1.0,852.64,5,1
1.0,1065.93,2,0
1.0,1572.71,1,0
1.0,550.0,4,0
1.0,1666.59,1,1
1.0,1312.45,2,0
1.0,935.11,3,1
1.0,2009.45,5,1
1.0,1128.51,1,1
1.0,643.1,5,1
1.0,1752.42,4,1
1.0,938.82,2,1
1.0,550.0,2,0
1.0,1405.88,4,1
1.0,1214.95,2,1
1.0,639.55,3,0
1.0,706.79,2,0
1.0,733.56,1,0
1.0,550.0,2,0
1.0,1864.1,4,1
1.0,798.61,2,0
1.0,725.08,3,0
1.0,888.38,1,0
1.0,1334.33,1,1
1.0,1036.9,3,0
1.0,720.82,2,0
1.0,1213.2,3,1
1.0,1487.6,2,1
1.0,1161.44,2,0
1.0,852.09,3,0
1.0,1646.56,4,1
1.0,906.49,3,0
1.0,1125.41,2,0
1.0,901.94,3,0
1.0,1393.7,4,1
1.0,591.05,1,0
1.0,1358.27,3,1
1.0,1115.03,3,0
1.0,550.0,2,1
1.0,550.0,5,1
1.0,1030.3,3,0
1.0,550.0,2,0
1.0,1558.03,2,1
1.0,550.0,2,0
1.0,1432.58,4,0
1.0,797.81,3,0
1.0,1269.91,4,1
1.0,1803.59,2,1
1.0,550.0,3,0
1.0,1479.65,5,0
1.0,550.0,2,0
1.0,550.0,2,0
1.0,1030.61,2,0
1.0,1260.83,3,1
1.0,550.0,3,0
1.0,1232.47,2,0
1.0,1195.55,3,0
1.0,550.0,3,1
1.0,1599.99,3,1
1.0,863.89,4,0
1.0,1117.64,4,1
1.0,1647.02,3,1
1.0,563.95,4,1
1.0,952.41,3,0
1.0,1294.79,4,0
1.0,715.39,3,1
1.0,550.0,2,0
1.0,550.0,3,0
1.0,550.0,4,0
1.0,819.87,3,0
1.0,999.43,2,0
1.0,1476.57,3,1
1.0,1152.07,2,0
1.0,754.89,3,1
1.0,550.0,3,0
1.0,1886.86,4,0
1.0,1133.97,2,1
1.0,550.0,3,0
1.0,1383.14,2,1
1.0,1264.32,3,0
1.0,2181.96,2,0
1.0,760.98,3,1
1.0,1384.6,2,0
1.0,1574.12,3,1
1.0,550.0,3,0
1.0,950.3,3,0
1.0,940.49,2,0
1.0,1337.64,5,1
1.0,657.43,2,0
1.0,1285.02,4,0
1.0,2027.42,3,1
1.0,924.31,3,0
1.0,550.0,5,1
1.0,1186.64,4,1
1.0,1365.18,4,1
1.0,1287.85,1,0
1.0,1135.53,3,0
1.0,550.0,3,0
1.0,1333.31,5,1
1.0,1033.18,3,0
1.0,1102.88,4,0
1.0,2186.62,3,1
1.0,550.0,3,1
1.0,1093.37,3,0
1.0,1573.03,1,0
1.0,675.65,2,0
1.0,1584.32,3,0
1.0,1328.73,3,1
1.0,995.87,3,1
1.0,1015.18,1,0
1.0,550.0,3,0
1.0,550.0,3,0
1.0,550.0,3,0
1.0,852.22,3,0
1.0,1061.61,4,1
1.0,795.56,2,0
1.0,1778.46,5,1
1.0,955.54,3,0
1.0,1370.88,4,1
1.0,550.0,2,0
1.0,1684.91,5,1
1.0,824.59,3,0
1.0,1510.32,3,0
1.0,1374.36,3,0
1.0,1062.68,4,1
1.0,767.25,5,1
1.0,1218.48,2,1
1.0,594.6,3,0
1.0,727.05,4,0
1.0,1789.94,2,0
1.0,765.54,3,0
1.0,550.0,4,1
1.0,558.05,3,1
1.0,1421.05,4,1
1.0,550.0,2,0
1.0,594.82,4,1
1.0,1536.89,3,1
1.0,573.09,4,1
1.0,550.0,4,0
1.0,1253.45,3,0
1.0,1359.74,3,1
1.0,843.63,3,0
1.0,986.66,2,0
1.0,1421.49,4,1
1.0,550.0,3,0
1.0,855.68,4,1
1.0,550.0,4,0
1.0,557.05,3,0
1.0,614.25,3,0
1.0,736.55,2,0
1.0,1755.48,3,0
1.0,587.88,3,1
1.0,1536.98,1,1
1.0,1431.8,4,0
1.0,1511.32,5,0
1.0,1169.09,3,1
1.0,1005.49,2,0
1.0,550.0,2,0
1.0,806.32,3,1
1.0,550.0,4,0
1.0,921.39,2,1
1.0,1380.15,2,1
1.0,1942.55,3,1
1.0,1158.05,5,1
1.0,976.39,2,0
1.0,1303.24,3,1
1.0,846.02,3,0
1.0,1052.22,2,0
1.0,550.0,4,1
1.0,992.46,1,0
1.0,1385.96,3,1
1.0,1952.95,2,1
1.0,1396.11,3,0
1.0,976.06,2,0
1.0,1179.85,3,1
1.0,550.0,4,0
1.0,550.0,3,1
1.0,1346.45,3,1
1.0,1034.3,3,0
1.0,1026.67,4,1
1.0,1502.69,3,0
1.0,550.0,3,0
1.0,901.6,3,0
1.0,560.07,5,1
1.0,550.0,3,1
1.0,867.61,3,0
1.0,1038.87,2,0
1.0,1023.19,2,1
1.0,1593.93,5,1
1.0,550.0,4,0
1.0,1312.07,3,1
1.0,550.0,3,0
1.0,732.98,3,0
1.0,834.54,3,0
1.0,758.5,2,0
1.0,1399.45,3,1
1.0,1689.64,2,1
1.0,1689.2,3,1
1.0,1821.0,3,0
1.0,782.67,4,0
1.0,1138.02,3,1
1.0,710.01,4,1
1.0,1413.97,3,0
1.0,550.0,2,0
1.0,550.0,1,0
1.0,1181.68,2,1
1.0,629.66,1,0
1.0,958.52,1,0
1.0,1249.39,3,1
1.0,2041.61,3,1
1.0,550.67,3,0
1.0,1269.7,2,1
1.0,786.83,5,0
1.0,550.0,1,1
1.0,818.4,4,0
1.0,550.0,2,1
1.0,1384.34,1,0
1.0,1630.18,4,0
1.0,1402.62,2,1
1.0,927.23,5,1
1.0,840.53,4,0
1.0,1197.81,1,0
1.0,692.3,3,0
1.0,1137.9,3,1
1.0,1572.19,3,0
1.0,550.0,4,0
1.0,550.0,4,0
1.0,763.08,4,1
1.0,1768.98,2,0
1.0,550.0,2,0
1.0,1201.92,3,1
1.0,834.23,3,0
1.0,610.18,3,0
1.0,592.53,3,0
1.0,550.0,2,1
1.0,800.99,3,0
1.0,853.13,1,0
1.0,550.0,4,0
1.0,1428.71,3,0
1.0,550.0,3,0
1.0,1253.88,4,1
1.0,901.11,4,1
1.0,550.0,3,0
1.0,1116.57,3,0
1.0,1126.81,2,0
1.0,1719.91,3,1
1.0,1740.34,4,1
1.0,1476.26,3,1
1.0,550.0,3,0
1.0,550.0,1,0
1.0,550.0,3,0
1.0,796.45,3,1
1.0,918.67,4,1
1.0,2547.46,5,1
1.0,1148.42,2,0
1.0,550.0,2,0
1.0,550.0,3,0
1.0,2033.79,2,1
1.0,889.12,3,1
1.0,1569.27,4,1
1.0,1559.46,5,1
1.0,974.21,4,1
1.0,550.0,3,0
1.0,550.0,4,0
1.0,1101.3,2,1
1.0,1149.79,3,1
1.0,826.39,3,1
1.0,811.12,4,0
1.0,708.49,4,1
1.0,620.16,3,0
1.0,1647.88,3,1
1.0,1010.29,3,1
1.0,550.0,3,0
1.0,1233.61,3,0
1.0,901.73,4,0
1.0,1686.78,3,1
1.0,1729.89,5,1
1.0,646.73,3,0
1.0,1292.68,3,1
1.0,550.0,2,0
1.0,550.0,3,0
1.0,550.0,3,0
1.0,641.92,4,0
1.0,735.97,4,0
1.0,597.95,6,1
1.0,660.3,3,0
1.0,1202.35,3,1
1.0,1015.9,4,1
1.0,1211.73,3,1
1.0,591.9,3,0
1.0,741.18,4,1
1.0,759.92,4,0
1.0,829.85,3,0
1.0,550.0,4,0
1.0,707.6,3,0
1.0,1259.57,2,0
1.0,728.73,2,0
1.0,2054.6,1,1
1.0,1841.53,3,1
1.0,556.8,3,0
1.0,1286.07,2,0
1.0,1054.45,4,1
1.0,611.55,3,1
1.0,1335.94,2,0
1.0,579.44,2,0
1.0,550.0,2,0
1.0,818.85,3,1
1.0,876.47,3,1
1.0,1123.28,3,0
1.0,1131.08,2,1
1.0,550.0,3,0
1.0,550.0,2,0
1.0,1484.35,4,1
1.0,1104.41,3,0
1.0,1208.48,3,1
1.0,1749.76,4,0
1.0,774.15,3,0
1.0,550.0,1,0
1.0,568.77,4,0
1.0,1611.13,3,0
1.0,550.0,1,0
1.0,966.94,3,1
1.0,1363.77,4,1
1.0,1325.14,4,1
1.0,647.08,5,1
1.0,550.0,3,0
1.0,1051.87,3,0
1.0,726.76,2,0
1.0,1444.86,2,1
1.0,1771.64,2,1
1.0,572.31,2,0
1.0,550.0,4,1
1.0,1367.75,4,1
1.0,550.0,4,1
1.0,550.0,4,0
1.0,1330.52,3,1
1.0,707.95,2,1
1.0,1658.43,1,0
1.0,707.44,3,0
1.0,550.0,2,0
1.0,1004.72,5,1
1.0,1200.6,2,0
1.0,562.23,3,1
1.0,1006.58,2,0
1.0,1144.82,3,1
1.0,1114.36,2,1
1.0,676.56,1,0
1.0,550.0,2,0
1.0,1170.14,2,0
1.0,550.0,3,1
1.0,2046.36,3,1
1.0,1077.07,4,0
1.0,1386.95,4,1
1.0,1386.67,2,1
1.0,550.0,2,1
1.0,551.61,3,1
1.0,1005.18,3,1
1.0,1625.2,2,1
1.0,1204.2,3,1
1.0,778.08,2,0
1.0,1027.22,3,1
1.0,1941.44,4,0
1.0,1161.71,3,0
1.0,550.0,1,0
1.0,550.0,4,0
1.0,853.49,2,1
1.0,1352.6,3,0
1.0,550.0,1,0
1.0,1015.62,5,1
1.0,1054.14,2,0
1.0,550.0,3,0
1.0,1164.87,4,1
1.0,1316.59,4,1
1.0,1620.01,4,1
1.0,550.0,3,1
1.0,622.83,3,0
1.0,1101.32,3,1
1.0,550.0,4,1
1.0,2482.45,3,1
1.0,550.0,2,0
1.0,1343.88,3,0
1.0,1564.88,3,1
1.0,840.88,3,0
1.0,550.0,2,1
1.0,1049.9,4,1
1.0,783.68,2,0
1.0,550.0,3,0
1.0,847.13,4,0
1.0,1864.95,3,1
1.0,1176.06,4,1
1.0,1197.95,4,1
1.0,803.24,3,1
1.0,550.0,3,1
1.0,1026.89,3,1
1.0,1395.6,3,1
1.0,926.39,2,0
1.0,2196.04,4,1
1.0,1228.67,3,0
1.0,1457.02,3,1
1.0,1467.32,3,1
1.0,550.0,2,0
1.0,991.61,3,0
1.0,550.0,4,0
1.0,989.83,3,0
1.0,1294.28,4,1
1.0,550.0,3,0
1.0,574.11,3,0
1.0,740.44,3,0
1.0,999.91,3,0
1.0,1073.25,4,1
1.0,550.0,2,0
1.0,861.09,3,1
1.0,1275.64,3,0
1.0,800.65,2,0
1.0,1096.37,4,1
1.0,550.0,2,0
1.0,550.0,4,0
1.0,1778.42,4,1
1.0,550.0,2,0
1.0,1153.38,1,0
1.0,550.0,4,0
1.0,1656.84,3,0
1.0,687.1,3,0
1.0,1109.72,3,1
1.0,1336.58,1,0
1.0,652.13,2,0
1.0,1251.57,2,0
1.0,550.0,2,0
1.0,1345.36,4,1
1.0,971.06,5,0
1.0,713.43,2,0
1.0,550.0,4,0
1.0,2173.66,3,1
1.0,550.0,4,0
1.0,982.14,5,1
1.0,1813.67,3,1
1.0,1488.74,3,1
1.0,1032.2,4,0
1.0,641.56,3,0
1.0,1972.1,5,1
1.0,1381.99,4,1
1.0,964.27,6,1
1.0,749.78,3,1
1.0,690.56,1,0
1.0,1420.97,3,1
1.0,593.33,1,0
1.0,824.72,2,0
1.0,1484.11,5,1
1.0,1653.2,3,1
1.0,550.0,3,0
1.0,1190.94,1,0
1.0,1292.55,3,1
1.0,854.32,3,0
1.0,1305.44,3,1
1.0,744.96,3,0
1.0,1711.71,3,1
1.0,770.74,2,1
1.0,550.0,4,0
1.0,1037.77,4,1
1.0,550.0,3,0
1.0,949.45,3,1
1.0,829.16,4,1
1.0,1413.16,3,1
1.0,795.13,3,0
1.0,1495.88,2,0
1.0,1172.05,3,0
1.0,1000.46,2,0
1.0,1376.82,4,1
1.0,850.9,2,0
1.0,2047.85,2,0
1.0,550.0,2,0
1.0,550.0,1,0
1.0,550.0,4,1
1.0,1003.08,3,1
1.0,905.66,2,0
1.0,607.23,4,1
1.0,795.02,2,0
1.0,2014.53,3,1
1.0,930.21,2,0
1.0,2034.08,3,1
1.0,1108.96,4,0
1.0,1169.3,5,1
1.0,1280.42,3,1
1.0,584.56,4,1
1.0,602.49,2,1
1.0,1451.42,2,1
1.0,550.0,4,0
1.0,2228.78,2,1
1.0,961.97,3,1
1.0,550.0,2,1
1.0,834.57,3,0
1.0,857.34,2,0
1.0,974.78,2,1
1.0,550.0,4,1
1.0,1245.36,4,1
1.0,550.0,3,1
1.0,1434.95,3,1
1.0,1198.31,2,1
1.0,906.08,1,0
1.0,1295.36,2,1
1.0,765.15,4,0
1.0,1326.19,2,1
1.0,1358.99,3,1
1.0,901.84,3,0
1.0,811.92,4,0
1.0,914.6,4,0
1.0,963.49,3,1
1.0,1561.0,5,1
1.0,1014.08,4,1
1.0,787.09,3,0
1.0,820.98,5,1
1.0,562.94,3,0
1.0,839.82,5,1
1.0,1175.26,3,1
1.0,1553.57,4,1
1.0,745.2,3,0
1.0,897.47,3,0
1.0,897.54,5,1
1.0,600.01,1,0
1.0,988.77,2,1
1.0,1943.54,3,1
1.0,728.24,3,0
1.0,1404.58,3,0
1.0,1324.79,2,0
1.0,1754.22,5,1
1.0,1228.73,5,1
1.0,550.0,2,0
1.0,841.64,2,0
1.0,1031.45,5,1
1.0,1017.71,3,1
1.0,818.79,5,0
1.0,1151.39,3,1
1.0,550.0,1,1
1.0,1081.25,4,1
1.0,1313.71,2,0
1.0,783.91,2,0
1.0,1195.25,3,1
1.0,550.0,2,1
1.0,1454.5,4,1
1.0,550.0,3,1
1.0,1207.99,4,1
1.0,1460.2,2,1
1.0,550.0,2,0
1.0,1410.37,2,0
1.0,976.42,4,1
1.0,1937.36,1,1
1.0,1109.14,3,1
1.0,550.0,2,0
1.0,1134.03,3,1
1.0,1613.59,3,0
1.0,1256.39,4,1
1.0,1373.24,1,0
1.0,946.9,3,0
1.0,746.19,3,1
1.0,735.48,3,0
1.0,713.07,1,0
1.0,1492.21,3,1
1.0,550.0,1,1
1.0,846.38,2,1
1.0,1506.92,1,0
1.0,1787.52,3,1
1.0,1253.92,2,0
1.0,1127.34,5,1
1.0,550.0,2,0
1.0,1481.17,3,1
1.0,550.32,1,0
1.0,676.94,4,1
1.0,982.34,2,0
1.0,870.7,4,1
1.0,550.0,4,1
1.0,550.0,3,0
1.0,1260.48,4,1
1.0,1662.55,3,1
1.0,1625.02,5,0
1.0,550.0,4,1
1.0,1241.4,3,1
1.0,1366.41,4,0
1.0,865.23,3,1
1.0,550.0,3,0
1.0,1144.18,4,1
1.0,550.0,4,0
1.0,847.5,3,0
1.0,550.0,1,0
1.0,910.77,2,0
1.0,968.4,2,0
1.0,550.0,3,0
1.0,894.61,3,0
1.0,1900.51,3,1
1.0,695.85,3,1
1.0,1278.78,1,1
1.0,550.0,3,0
1.0,1064.7,1,1
1.0,1136.53,2,0
1.0,1158.81,5,1
1.0,1293.97,5,1
1.0,890.03,3,1
1.0,659.36,4,1
1.0,550.0,2,0
1.0,959.11,2,0
1.0,587.41,2,0
1.0,1233.39,3,1
1.0,1208.75,1,0
1.0,952.71,4,0
1.0,1672.14,3,1
1.0,1226.92,4,0
1.0,704.82,3,0
1.0,1222.1,4,0
1.0,746.96,2,1
1.0,1516.18,3,1
1.0,1216.56,4,1
1.0,550.0,2,0
1.0,1291.47,2,0
1.0,1306.61,5,1
1.0,1707.24,2,1
1.0,1421.91,2,1
1.0,1551.69,4,0
1.0,976.05,5,1
1.0,1077.55,4,0
1.0,592.47,2,0
1.0,1901.93,4,0
1.0,1102.68,5,0
1.0,1168.01,1,0
1.0,1709.82,3,1
1.0,919.65,3,1
1.0,1356.81,4,1
1.0,1349.61,4,1
1.0,1946.87,3,1
1.0,1520.66,2,1
1.0,1029.78,4,1
1.0,1640.35,3,1
1.0,947.02,2,1
1.0,1214.26,3,0
1.0,1075.51,3,0
1.0,774.56,3,1
1.0,1554.05,2,1
1.0,789.19,4,1
1.0,793.9,3,0
1.0,1341.66,3,0
1.0,679.29,2,0
1.0,1586.43,6,1
1.0,1029.58,3,0
1.0,837.79,2,1
1.0,1219.17,4,1
1.0,717.8,3,0
1.0,550.0,1,0
1.0,1184.28,5,0
1.0,550.0,3,0
1.0,1666.04,4,1
1.0,1371.91,2,0
1.0,852.81,4,0
1.0,860.64,4,0
1.0,601.5,2,0
1.0,1010.97,4,1
1.0,550.0,3,1
1.0,1463.97,4,1
1.0,987.04,3,0
1.0,1289.57,1,0
1.0,550.0,2,0
1.0,550.0,4,0
1.0,1029.81,2,0
1.0,779.94,4,0
1.0,660.24,2,0
1.0,1020.35,4,1
1.0,714.31,5,0
1.0,1175.56,1,1
1.0,1154.13,4,1
1.0,948.98,4,1
1.0,899.97,2,0
1.0,1211.22,4,1
1.0,1047.86,4,1
1.0,1199.76,3,1
1.0,1421.77,3,1
1.0,2130.05,2,1
1.0,1550.51,1,0
1.0,1967.05,3,1
1.0,1003.5,3,1
1.0,922.31,3,1
1.0,905.99,2,0
1.0,1162.05,4,1
1.0,917.42,2,0
1.0,550.0,3,1
1.0,2369.85,3,1
1.0,550.0,4,1
1.0,2186.44,2,1
1.0,992.53,3,1
1.0,1372.17,1,1
1.0,917.3,3,0
1.0,1363.54,2,0
1.0,1015.7,3,1
1.0,550.0,3,0
1.0,1344.89,2,1
1.0,632.32,2,1
1.0,688.68,4,1
1.0,716.61,5,1
1.0,1667.96,4,1
1.0,882.35,2,1
1.0,550.0,3,1
1.0,2111.58,4,1
1.0,662.93,3,1
1.0,1010.89,1,0
1.0,1394.28,4,0
1.0,550.0,3,0
1.0,550.0,2,1
1.0,1809.46,3,0
1.0,1065.79,2,0
1.0,550.0,5,0
1.0,1032.08,2,0
1.0,820.43,2,1
1.0,643.21,1,1
1.0,1318.16,3,1
1.0,550.0,2,0
1.0,586.69,4,1
1.0,1317.5,4,1
1.0,734.98,4,1
1.0,1228.22,2,1
1.0,690.87,2,0
1.0,1246.55,2,0
1.0,1671.11,3,1
1.0,696.19,4,0
1.0,609.97,3,1
1.0,550.0,2,0
1.0,1175.77,3,1
1.0,994.02,4,1
1.0,1561.56,4,0
1.0,1487.0,4,1
1.0,1305.82,3,0
1.0,550.0,3,0
1.0,1139.0,4,0
1.0,598.13,3,0
1.0,550.0,3,0
1.0,945.36,3,0
1.0,550.0,1,0
1.0,1300.04,4,0
1.0,1047.13,4,0
1.0,1282.32,4,1
1.0,1322.55,3,0
1.0,975.14,2,0
1.0,2727.04,4,1
1.0,917.84,3,0
1.0,1463.73,4,0
1.0,671.47,3,0
1.0,550.0,3,1
1.0,1348.31,2,0
1.0,1114.3,4,1
1.0,1032.34,3,1
1.0,986.38,2,0
1.0,928.36,3,1
1.0,1789.95,2,1
1.0,1575.85,5,1
1.0,1083.05,1,0
1.0,1760.77,2,1
1.0,1806.23,1,1
1.0,632.61,2,0
1.0,1338.02,4,1
1.0,550.0,4,1
1.0,752.35,1,0
1.0,1168.93,4,1
1.0,1078.38,1,1
1.0,1857.6,2,1
1.0,767.45,2,0
1.0,550.0,6,1
1.0,1398.37,2,0
1.0,1791.41,5,1
1.0,598.47,2,0
1.0,822.88,1,0
1.0,1351.19,2,0
1.0,669.41,3,0
1.0,1741.57,2,1
1.0,1291.47,3,1
1.0,811.36,3,0
1.0,550.0,3,0
1.0,914.61,2,0
1.0,1084.91,2,0
1.0,986.07,3,0
1.0,550.0,1,0
1.0,1377.51,4,1
1.0,1226.9,4,0
1.0,973.81,3,0
1.0,1637.03,4,1
1.0,825.1,2,0
1.0,550.0,3,0
1.0,1145.91,3,0
1.0,1196.5,2,0
1.0,1142.34,3,0
1.0,675.76,3,0
1.0,600.31,2,0
1.0,1531.71,4,1
1.0,730.3,4,0
1.0,839.02,3,1
1.0,1002.82,3,0
1.0,1240.92,3,1
1.0,1508.89,3,1
1.0,1674.78,3,1
1.0,550.0,3,0
1.0,897.9,4,1
1.0,1438.33,4,1
1.0,1113.56,3,1
1.0,550.0,2,0
1.0,550.0,3,0
1.0,1672.22,4,0
1.0,1051.16,4,0
1.0,1406.46,3,1
1.0,955.63,2,0
1.0,1751.95,3,0
1.0,1364.97,4,0
1.0,1012.98,3,0
1.0,1358.53,3,0
1.0,550.0,3,0
1.0,1774.08,2,1
1.0,1152.41,1,0
1.0,550.0,2,0
1.0,1132.62,4,0
1.0,1145.43,2,0
1.0,550.0,4,0
1.0,830.58,1,0
1.0,550.0,4,1
1.0,581.23,3,0
1.0,906.8,4,0
1.0,1438.56,3,1
1.0,1184.55,3,0
1.0,1257.89,4,1
1.0,1054.0,4,1
1.0,550.0,1,0
1.0,1066.98,3,1
1.0,550.0,2,0
1.0,1535.8,3,1
1.0,1835.01,3,1
1.0,550.0,3,1
1.0,1524.01,3,1
1.0,873.98,4,1
1.0,860.71,1,0
1.0,976.6,5,1
1.0,1099.53,3,0
1.0,1291.36,4,1
1.0,918.0,3,1
1.0,1186.46,1,0
1.0,550.0,2,0
1.0,1251.08,3,1
1.0,1033.74,2,1
1.0,1255.65,2,0
1.0,1307.18,3,0
1.0,650.59,1,0
1.0,1017.85,3,1
1.0,771.68,5,1
1.0,550.0,3,0
1.0,1205.61,4,1
1.0,838.09,3,0
1.0,1881.78,2,0
1.0,909.24,2,0
1.0,1327.08,1,0
1.0,1376.39,3,1
1.0,1564.31,4,1
1.0,1403.29,5,1
1.0,550.0,4,0
1.0,804.42,3,1
1.0,1202.15,1,0
1.0,884.1,4,0
1.0,1314.1,4,1
1.0,942.18,3,0
1.0,1513.75,4,0
1.0,1538.64,2,0
1.0,728.28,3,0
1.0,1373.52,2,0
1.0,1111.51,5,1
1.0,743.14,3,0
1.0,938.02,3,1
1.0,550.0,1,1
1.0,1418.41,3,1
1.0,824.68,4,0
1.0,550.0,4,0
1.0,1245.47,1,0
1.0,1080.39,3,0
1.0,1203.14,2,1
1.0,550.0,1,0
1.0,1596.19,4,1
1.0,1816.71,2,1
1.0,1655.49,3,0
1.0,1309.44,3,1
1.0,550.0,1,1
1.0,981.57,4,1
1.0,550.0,3,0
1.0,1533.97,4,1
1.0,1551.59,3,1
1.0,771.94,3,0
1.0,1057.01,3,0
1.0,598.26,5,1
1.0,1062.4,3,1
1.0,1420.25,2,0
1.0,912.18,4,1
1.0,2187.19,1,1
1.0,1466.12,2,1
1.0,1608.13,4,0
1.0,1404.97,2,0
1.0,1476.04,4,1
1.0,2097.51,3,1
1.0,872.51,1,0
1.0,1069.19,3,0
1.0,708.08,4,1
1.0,1068.3,3,0
1.0,812.92,3,0
1.0,838.47,2,0
1.0,1487.08,4,1
1.0,726.54,3,1
1.0,1065.62,4,0
1.0,1572.46,3,1
1.0,550.0,1,1
1.0,1914.87,4,1
1.0,933.03,3,1
1.0,1198.14,1,0
1.0,1428.56,3,1
1.0,550.0,3,1
1.0,1693.37,3,1
1.0,1000.26,3,0
1.0,1193.46,3,0
1.0,948.18,2,0
1.0,1221.1,4,1
1.0,694.46,3,1
1.0,724.79,3,0
1.0,550.0,4,1
1.0,846.7,1,0
1.0,1531.23,3,1
1.0,632.84,4,0
1.0,820.88,2,1
1.0,550.0,1,0
1.0,1627.28,3,1
1.0,1246.25,2,0
1.0,684.35,3,0
1.0,550.0,2,0
1.0,550.0,2,0
1.0,1581.07,3,1
1.0,1814.66,5,1
1.0,550.0,3,1
1.0,1526.27,5,1
1.0,550.0,4,0
1.0,1122.76,1,0
1.0,550.0,2,1
1.0,700.49,1,0
1.0,550.0,3,0
1.0,1524.87,3,1
1.0,1239.34,5,1
1.0,550.0,4,0
1.0,717.49,3,0
1.0,1090.36,4,1
1.0,550.0,4,1
1.0,697.91,1,0
1.0,905.51,3,1
1.0,694.97,3,0
1.0,1318.62,1,1
1.0,837.37,4,0
1.0,1438.77,4,1
1.0,550.0,3,0
1.0,550.0,4,0
1.0,976.75,4,1
1.0,1555.16,3,1
1.0,550.0,2,0
1.0,1765.92,1,0
1.0,760.31,2,0
1.0,1156.5,5,1
1.0,964.35,1,0
1.0,596.2,3,0
1.0,1363.61,3,0
1.0,1083.69,3,1
1.0,611.52,3,0
1.0,1757.2,2,0
1.0,1048.47,2,1
1.0,1025.57,1,0
1.0,998.05,5,1
1.0,986.1,3,1
1.0,550.0,4,1
1.0,550.0,3,0
1.0,785.53,2,0
1.0,958.81,2,0
1.0,1005.51,2,0
1.0,1721.87,3,1
1.0,1046.05,3,1
1.0,1594.79,3,0
1.0,1448.19,3,1
1.0,550.0,3,0
1.0,1995.91,2,1
1.0,757.98,3,0
1.0,1211.64,3,1
1.0,999.91,3,0
1.0,702.41,3,1
1.0,1558.39,2,0
1.0,550.0,3,0
1.0,1002.74,1,0
1.0,572.97,4,0
1.0,630.11,3,0
1.0,1076.83,3,1
1.0,1473.52,7,1
1.0,988.52,4,1
1.0,550.0,4,0
1.0,728.28,2,0
1.0,958.39,1,0
1.0,1045.03,3,1
1.0,616.76,3,0
1.0,550.0,2,0
1.0,955.53,4,1
1.0,897.32,3,1
1.0,1212.22,4,1
1.0,1345.45,3,0
1.0,1011.95,3,1
1.0,803.66,3,0
1.0,769.59,3,1
1.0,760.67,3,1
1.0,2054.95,3,1
1.0,1865.6,3,0
1.0,1589.48,4,0
1.0,666.15,2,0
1.0,756.23,4,0
1.0,1625.17,2,1
1.0,550.0,3,0
1.0,1231.41,3,0
1.0,1628.62,4,1
1.0,1145.69,4,1
1.0,1037.41,3,1
1.0,1743.94,3,0
1.0,995.76,2,1
1.0,1154.08,3,0
1.0,925.34,2,1
1.0,556.22,4,0
1.0,1286.25,2,0
1.0,550.0,1,0
1.0,1260.05,3,0
1.0,694.07,2,0
1.0,1243.56,3,1
1.0,557.97,3,0
1.0,1313.22,3,0
1.0,1399.82,5,1
1.0,1639.62,2,1
1.0,1487.76,2,0
1.0,1761.22,3,1
1.0,1910.13,2,0
1.0,1515.32,3,1
1.0,1796.97,2,1
1.0,806.38,3,0
1.0,550.0,2,0
1.0,550.0,3,0
1.0,1119.59,3,0
1.0,1066.78,5,1
1.0,1041.4,3,1
1.0,851.58,5,0
1.0,1305.51,4,1
1.0,555.25,2,0
1.0,1472.3,3,0
1.0,712.37,4,1
1.0,1352.22,4,1
1.0,731.56,3,1
1.0,907.08,2,0
1.0,869.91,4,1
1.0,667.55,1,0
1.0,1678.43,4,1
1.0,1095.53,3,1
1.0,1440.01,4,1
1.0,1199.9,4,1
1.0,1405.16,3,1
1.0,2218.22,4,0
1.0,1541.98,5,1
1.0,550.0,1,0
1.0,554.58,2,0
1.0,550.0,3,0
1.0,1637.2,3,1
1.0,731.37,5,1
1.0,722.71,3,0
1.0,550.0,3,0
1.0,550.0,1,1
1.0,1928.59,3,1
1.0,932.66,2,0
1.0,1875.44,5,0
1.0,843.07,4,1
1.0,550.0,2,0
1.0,1412.67,6,1
1.0,833.3,4,1
1.0,1006.91,1,0
1.0,1314.28,4,0
1.0,1292.24,4,0
1.0,702.7,2,0
1.0,1029.28,4,1
1.0,981.93,2,0
1.0,550.0,3,0
1.0,1456.98,2,1
1.0,1137.14,5,0
1.0,1180.8,3,0
1.0,899.55,5,1
1.0,776.1,4,1
1.0,550.0,3,0
1.0,964.34,4,0
1.0,1703.4,2,1
1.0,1122.12,4,1
1.0,979.38,2,0
1.0,1388.44,4,1
1.0,1116.26,2,0
1.0,860.32,3,0
1.0,1335.43,2,0
1.0,834.61,3,0
1.0,1449.57,2,1
1.0,1625.51,4,1
1.0,1436.09,4,1
1.0,1415.72,5,1
1.0,1477.19,3,1
1.0,1530.98,5,1
1.0,1067.69,3,0
1.0,691.53,1,0
1.0,550.0,2,0
1.0,972.21,3,0
1.0,1033.37,3,1
1.0,985.39,2,0
1.0,1597.52,4,1
1.0,954.69,1,0
1.0,786.1,3,1
1.0,1672.39,2,0
1.0,550.0,3,1
1.0,974.83,5,0
1.0,804.09,4,0
1.0,1378.95,3,0
1.0,761.64,3,1
1.0,809.47,2,0
1.0,682.7,2,0
1.0,2132.54,4,1
1.0,1698.19,4,1
1.0,2117.97,3,1
1.0,613.32,2,0
1.0,2206.64,3,0
1.0,1540.47,4,1
1.0,960.99,2,1
1.0,1122.0,4,1
1.0,1661.41,4,1
1.0,1379.3,3,1
1.0,673.6,3,1
1.0,1496.01,1,0
1.0,1035.05,3,1
1.0,1404.65,4,1
1.0,849.76,3,0
1.0,550.0,3,0
1.0,937.66,2,1
1.0,1974.31,2,1
1.0,569.54,3,1
1.0,581.12,3,1
1.0,1057.59,2,0
1.0,1033.26,2,1
1.0,665.49,2,0
1.0,2838.63,3,1
1.0,1923.15,3,1
1.0,1964.22,3,1
1.0,592.62,3,0
1.0,863.99,3,1
1.0,550.0,3,0
1.0,852.25,2,0
1.0,914.83,2,0
1.0,617.59,3,0
1.0,550.0,3,0
1.0,691.05,5,1
1.0,1313.46,3,1
1.0,2344.1,3,1
1.0,1825.36,3,1
1.0,1459.44,4,0
1.0,550.0,2,0
1.0,802.52,4,0
1.0,550.0,2,0
1.0,958.49,5,1
1.0,563.77,5,1
1.0,1811.08,5,1
1.0,2072.28,4,1
1.0,550.0,2,1
1.0,748.89,5,1
1.0,550.0,3,0
1.0,550.0,3,0
1.0,1220.89,4,1
1.0,682.56,3,0
1.0,1775.61,2,1
1.0,1396.47,3,1
1.0,654.97,3,1
1.0,1540.02,4,0
1.0,1138.59,3,1
1.0,1899.29,4,1
1.0,550.0,4,0
1.0,708.19,3,0
1.0,1304.4,5,1
1.0,550.0,5,1
1.0,818.02,3,0
1.0,1095.18,3,1
1.0,697.21,4,0
1.0,1127.42,3,0
1.0,1106.95,2,0
1.0,550.0,3,0
1.0,1068.98,3,1
1.0,1506.26,4,0
1.0,550.0,3,0
1.0,1080.68,2,0
1.0,877.95,2,1
1.0,1343.93,4,1
1.0,1027.26,3,0
1.0,1047.06,3,1
1.0,935.63,2,0
1.0,1450.32,2,0
1.0,944.66,3,0
1.0,1087.46,5,1
1.0,1101.4,3,1
1.0,1579.61,2,1
1.0,1336.66,3,1
1.0,1029.16,3,1
1.0,1479.88,4,1
1.0,1729.78,5,1
1.0,550.0,2,0
1.0,2032.13,5,1
1.0,896.7,3,0
1.0,947.18,5,0
1.0,777.85,3,0
1.0,1220.09,3,1
1.0,1477.56,4,1
1.0,1477.56,3,1
1.0,886.39,2,1
1.0,1429.13,4,1
1.0,1450.16,4,1
1.0,1408.2,3,0
1.0,729.48,4,1
1.0,889.74,4,1
1.0,550.0,4,1
1.0,550.0,5,1
1.0,1069.49,3,0
1.0,550.0,4,0
1.0,1076.4,3,0
1.0,1067.23,3,0
1.0,1886.69,1,0
1.0,550.0,3,0
1.0,1311.64,4,1
1.0,1096.86,4,1
1.0,1350.5,5,1
1.0,667.3,3,1
1.0,1447.91,3,1
1.0,550.0,2,1
1.0,1567.18,2,1
1.0,1173.3,4,1
1.0,1432.53,2,1
1.0,2496.76,4,1
1.0,715.11,1,0
1.0,1200.2,2,0
1.0,1170.91,3,1
1.0,1173.64,3,1
1.0,550.0,4,0
1.0,777.03,2,0
1.0,910.32,2,1
1.0,1010.28,4,0
1.0,1048.62,3,1
1.0,903.05,3,1
1.0,550.0,3,0
1.0,783.23,3,1
1.0,1070.82,3,0
1.0,550.0,2,1
1.0,550.0,3,1
1.0,1539.17,4,1
1.0,993.75,3,0
1.0,695.79,2,0
1.0,1687.73,3,1
1.0,550.0,2,0
1.0,583.83,2,0
1.0,694.2,4,1
1.0,2157.15,3,1
1.0,550.0,3,0
1.0,1489.32,2,1
1.0,2188.24,3,1
1.0,755.67,2,0
1.0,1382.16,3,0
1.0,550.7,4,0
1.0,650.36,3,1
1.0,732.21,2,1
1.0,550.0,2,0
1.0,550.0,2,0
1.0,550.0,4,1
1.0,1604.68,3,0
1.0,1274.02,3,1
1.0,550.0,3,0
1.0,767.05,2,1
1.0,626.96,3,0
1.0,1065.43,2,1
1.0,735.91,3,0
1.0,674.53,4,0
1.0,550.0,2,0
1.0,1262.34,5,1
1.0,1016.22,3,1
1.0,754.91,2,0
1.0,550.0,2,0
1.0,813.05,2,0
1.0,550.0,2,0
1.0,1732.38,2,1
1.0,2405.02,2,1
1.0,1013.78,2,0
1.0,550.0,3,1
1.0,1701.13,4,1
1.0,1147.25,2,1
1.0,632.25,2,0
1.0,1284.7,2,1
1.0,1458.8,3,1
1.0,1855.66,2,0
1.0,550.0,1,0
1.0,1188.36,4,1
1.0,1122.2,2,0
1.0,719.8,1,0
1.0,727.95,3,0
1.0,1273.03,5,1
1.0,862.58,3,0
1.0,612.16,3,0
1.0,1572.26,2,0
1.0,1017.82,4,1
1.0,579.98,3,0
1.0,732.84,2,0
1.0,1303.03,2,0
1.0,550.0,3,0
1.0,629.0,3,0
1.0,1020.94,3,1
1.0,1098.04,3,0
1.0,1227.28,3,1
1.0,1229.28,5,1
1.0,1395.04,3,1
1.0,550.0,2,0
1.0,873.35,2,0
1.0,1274.02,4,1
1.0,1198.23,4,1
1.0,550.0,4,0
1.0,853.32,2,1
1.0,1294.09,3,1
1.0,1373.44,5,1
1.0,1224.29,4,1
1.0,1584.13,4,1
1.0,1310.12,3,1
1.0,621.77,3,0
1.0,1316.69,3,1
1.0,550.0,3,0
1.0,1534.67,6,0
1.0,1457.4,4,0
1.0,550.0,2,0
1.0,1063.0,4,1
1.0,1502.44,5,1
1.0,1400.29,2,0
1.0,1185.85,2,0
1.0,550.0,3,0
1.0,1147.62,4,1
1.0,1319.82,3,1
1.0,877.48,3,1
1.0,960.58,1,0
1.0,1844.34,3,1
1.0,1540.63,4,1
1.0,689.64,3,1
1.0,1005.21,4,1
1.0,1170.32,3,0
1.0,949.75,1,0
1.0,1605.01,2,0
1.0,1445.05,4,0
1.0,1722.1,1,1
1.0,861.54,2,1
1.0,1169.45,3,1
1.0,550.0,4,1
1.0,550.0,4,1
1.0,1555.22,3,0
1.0,1120.08,2,0
1.0,1642.29,2,1
1.0,1001.99,2,1
1.0,566.62,4,0
1.0,593.3,4,1
1.0,2514.79,4,1
1.0,1039.41,2,0
1.0,913.27,4,0
1.0,1808.71,1,1
1.0,1204.06,3,1
1.0,839.48,4,1
1.0,550.0,4,0
1.0,939.53,3,1
1.0,550.0,3,0
1.0,1389.66,4,1
1.0,990.97,3,0
1.0,550.0,2,0
1.0,1030.27,3,1
1.0,2162.74,4,0
1.0,550.0,4,0
1.0,1287.27,4,1
1.0,1117.95,3,1
1.0,1588.95,3,1
1.0,550.0,1,0
1.0,550.0,1,0
1.0,1410.69,4,1
1.0,550.0,3,0
1.0,550.0,3,0
1.0,762.03,3,0
1.0,763.68,3,1
1.0,1313.05,5,1
1.0,1064.72,4,1
1.0,1334.67,3,0
1.0,1269.2,5,1
1.0,1084.97,2,1
1.0,1687.01,3,1
1.0,1184.42,2,1
1.0,628.88,1,1
1.0,1099.78,3,1
1.0,1552.76,3,1
1.0,897.36,4,1
1.0,550.0,1,1
1.0,564.91,2,0
1.0,550.0,3,0
1.0,550.0,2,0
1.0,550.0,3,1
1.0,797.88,2,1
1.0,701.95,3,0
1.0,781.61,3,0
1.0,550.0,4,0
1.0,1233.62,4,1
1.0,1210.02,2,0
1.0,2003.59,3,1
1.0,550.0,3,0
1.0,760.77,3,0
1.0,1569.79,2,1
1.0,550.0,4,1
1.0,1312.94,4,1
1.0,710.29,4,0
1.0,1166.38,3,1
1.0,1062.03,4,0
1.0,1478.75,3,0
1.0,965.41,4,1
1.0,979.4,4,1
1.0,675.22,3,1
1.0,1692.33,2,1
1.0,1500.21,4,0
1.0,1249.13,5,1
1.0,1098.26,3,1
1.0,755.37,2,0
1.0,1540.65,2,1
1.0,1406.5,1,0
1.0,1065.51,3,0
1.0,987.69,2,0
1.0,1312.22,3,1
1.0,1740.47,3,1
1.0,1466.08,4,1
1.0,883.04,3,0
1.0,1112.62,2,0
1.0,1389.16,3,1
1.0,550.0,5,1
1.0,550.0,2,1
1.0,783.28,2,0
1.0,1114.6,4,0
1.0,1068.51,1,0
1.0,550.0,2,0
1.0,1645.47,1,0
1.0,1203.41,2,0
1.0,1633.22,3,1
1.0,876.96,1,0
1.0,984.26,3,0
1.0,1340.03,4,0
1.0,889.9,2,0
1.0,550.0,4,0
1.0,550.0,2,0
1.0,550.0,5,1
1.0,613.5,3,0
1.0,706.65,2,0
1.0,667.26,1,0
1.0,1267.8,4,1
1.0,2405.15,3,1
1.0,1315.31,3,0
1.0,1910.04,3,1
1.0,2129.83,5,1
1.0,550.0,3,0
1.0,550.0,3,1
1.0,1455.1,2,0
1.0,1725.96,1,0
1.0,1903.24,5,1
1.0,550.0,3,1
1.0,550.0,2,0
1.0,550.0,2,0
1.0,641.65,5,0
1.0,1045.86,3,0
1.0,836.51,3,0
1.0,732.74,5,1
1.0,1743.78,4,1
1.0,629.81,3,0
1.0,550.0,3,1
1.0,811.2,3,0
1.0,1492.61,3,0
1.0,550.0,2,0
1.0,2277.23,3,1
1.0,620.02,3,1
1.0,975.64,4,0
1.0,550.0,3,0
1.0,918.6,4,1
1.0,559.28,1,0
1.0,1132.88,3,0
1.0,1522.4,3,1
1.0,1129.07,3,0
1.0,1259.78,4,1
1.0,1316.24,2,1
1.0,1838.9,3,1
1.0,1360.67,4,1
1.0,1336.16,3,1
1.0,1893.71,2,1
1.0,1020.7,4,1
1.0,550.0,3,0
1.0,1878.22,5,1
1.0,550.0,1,1
1.0,550.0,3,0
1.0,550.0,3,0
1.0,718.38,3,0
1.0,670.93,4,1
1.0,794.96,3,0
1.0,1653.52,2,1
1.0,1156.68,2,1
1.0,1546.52,3,1
1.0,1167.24,3,0
1.0,1087.6,4,1
1.0,1220.43,5,1
1.0,1119.83,3,1
1.0,550.0,3,0
1.0,856.11,3,1
1.0,1115.1,3,1
1.0,817.54,4,0
1.0,550.0,3,0
1.0,550.0,4,0
1.0,1044.36,4,1
1.0,776.67,4,0
1.0,1519.25,3,1
1.0,1278.96,2,1
1.0,1300.3,4,1
1.0,1469.13,3,0
1.0,1325.57,3,0
1.0,1994.58,2,1
1.0,1281.0,2,0
1.0,561.45,3,0
1.0,1313.96,5,1
1.0,1329.87,2,0
1.0,1517.06,3,1
1.0,1148.9,2,1
1.0,1523.73,3,1
1.0,550.0,2,0
1.0,598.27,2,0
1.0,605.11,3,0
1.0,1630.8,4,1
1.0,550.0,4,0
1.0,1309.54,3,0
1.0,1443.58,3,1
1.0,942.58,3,0
1.0,1590.23,3,1
1.0,1903.45,2,1
1.0,788.58,3,0
1.0,1035.15,6,1
1.0,727.07,2,0
1.0,694.46,4,1
1.0,1269.88,4,1
1.0,1663.62,3,1
1.0,742.88,2,0
1.0,1074.05,3,0
1.0,1314.29,2,1
1.0,838.11,2,1
1.0,1554.26,1,0
1.0,2166.0,3,0
1.0,1078.54,4,0
1.0,1676.08,2,0
1.0,848.39,3,0
1.0,1204.28,3,1
1.0,1625.08,5,1
1.0,676.73,2,0
1.0,648.6,4,1
1.0,837.14,2,0
1.0,1117.45,3,0
1.0,889.66,2,0
1.0,638.87,2,0
1.0,1221.08,4,1
1.0,1403.92,3,0
1.0,938.87,4,1
1.0,1674.51,2,1
1.0,1431.56,4,1
1.0,1147.95,3,1
1.0,550.0,4,1
1.0,550.0,2,0
1.0,1672.6,3,1
1.0,1946.01,2,1
1.0,1183.17,4,1
1.0,922.04,4,1
1.0,1275.35,4,1
1.0,864.67,2,0
1.0,550.0,4,0
1.0,1135.51,4,1
1.0,718.96,3,1
1.0,1216.64,5,0
1.0,1581.07,3,1
1.0,1819.02,3,1
1.0,1534.65,3,1
1.0,550.0,2,0
1.0,1530.65,3,1
1.0,1599.75,4,1
1.0,917.22,2,0
1.0,1793.09,2,0
1.0,692.45,3,0
1.0,1607.44,3,1
1.0,693.51,3,0
1.0,1371.17,2,1
1.0,550.0,3,0
1.0,1274.45,3,1
1.0,1254.08,3,0
1.0,1635.4,3,1
1.0,1450.45,2,0
1.0,836.16,3,1
1.0,1074.67,3,0
1.0,1151.89,2,0
1.0,1304.8,3,0
1.0,1476.04,4,0
1.0,1146.31,2,0
1.0,695.15,2,0
1.0,2024.4,2,1
1.0,774.52,3,0
1.0,1112.35,2,0
1.0,786.76,2,1
1.0,550.0,5,1
1.0,918.9,3,0
1.0,1128.41,2,1
1.0,550.0,3,0
1.0,554.97,4,0
1.0,970.36,4,0
1.0,1365.23,4,1
1.0,550.0,3,0
1.0,550.0,4,1
1.0,550.0,2,0
1.0,1049.45,4,1
1.0,550.0,4,0
1.0,563.33,3,0
1.0,666.52,5,1
1.0,767.75,4,0
1.0,964.76,2,1
1.0,839.98,3,1
1.0,617.91,3,1
1.0,853.76,4,1
1.0,580.3,2,0
1.0,1092.71,1,0
1.0,641.81,3,0
1.0,805.99,3,0
1.0,1127.89,4,1
1.0,838.01,3,1
1.0,765.43,5,1
1.0,1087.36,1,0
1.0,550.0,2,0
1.0,1197.83,2,0
1.0,815.17,4,1
1.0,1002.49,2,0
1.0,618.45,4,0
1.0,1059.29,2,1
1.0,631.07,1,1
1.0,580.77,4,0
1.0,1055.34,3,1
1.0,1022.97,3,1
1.0,550.0,4,0
1.0,1494.81,4,1
1.0,1391.97,3,0
1.0,715.39,5,1
1.0,773.47,3,0
1.0,1119.46,2,0
1.0,2089.87,3,1
1.0,1115.69,3,1
1.0,1433.79,4,1
1.0,1789.32,3,1
1.0,550.0,4,1
1.0,1501.99,3,1
1.0,1153.1,1,1
1.0,628.51,2,0
1.0,550.0,4,1
1.0,1303.0,2,1
1.0,1412.25,1,1
1.0,1212.45,3,1
1.0,1436.65,3,1
1.0,1056.76,4,1
1.0,1601.42,4,1
1.0,1458.01,3,1
1.0,550.0,4,0
1.0,1121.1,4,0
1.0,897.88,5,1
1.0,1538.81,2,1
1.0,708.17,4,1
1.0,1909.91,5,1
1.0,762.09,3,1
1.0,1065.79,4,1
1.0,1413.38,3,0
1.0,851.92,3,1
1.0,2120.93,3,1
1.0,550.0,2,0
1.0,781.03,2,0
1.0,1331.5,2,1
1.0,842.83,5,1
1.0,550.0,3,0
1.0,1179.79,2,1
1.0,961.63,2,0
1.0,1761.18,5,1
1.0,791.03,3,0
1.0,816.72,4,1
1.0,1290.08,3,0
1.0,550.0,3,0
1.0,550.0,4,1
1.0,550.0,4,0
1.0,1045.42,2,0
1.0,1211.47,3,0
1.0,1130.13,5,1
1.0,1153.92,3,1
1.0,550.0,3,0
1.0,550.0,3,0
1.0,1283.06,3,1
1.0,710.7,4,0
1.0,2084.71,2,1
1.0,1226.48,4,1
1.0,1536.79,1,0
1.0,1301.59,3,1
1.0,599.5,4,1
1.0,550.0,2,0
1.0,550.0,4,1
1.0,1580.25,3,0
1.0,1747.09,3,1
1.0,550.0,2,1
1.0,550.0,3,0
1.0,1111.01,3,0
1.0,550.0,2,1
1.0,699.19,2,1
1.0,550.0,1,0
1.0,957.72,5,1
1.0,1297.6,4,1
1.0,577.32,3,0
1.0,1348.9,2,0
1.0,550.0,3,0
1.0,749.09,3,0
1.0,2084.5,4,1
1.0,550.0,5,0
1.0,1084.8,2,0
1.0,550.0,5,1
1.0,1197.9,3,1
1.0,973.77,4,1
1.0,1486.19,3,1
1.0,550.0,1,0
1.0,1130.17,2,0
1.0,934.16,3,1
1.0,550.0,3,0
1.0,550.0,3,0
1.0,550.0,2,0
1.0,1508.17,2,0
1.0,1112.53,4,1
1.0,1823.78,3,1
1.0,550.0,3,0
1.0,1497.19,4,0
1.0,630.08,4,0
1.0,550.0,2,0
1.0,550.0,2,0
1.0,864.82,3,1
1.0,1446.43,3,1
1.0,883.15,4,1
1.0,550.0,2,0
1.0,550.0,4,0
1.0,1027.62,5,1
1.0,749.05,1,0
1.0,652.65,4,1
1.0,1258.04,4,1
1.0,1464.33,3,1
1.0,550.0,1,0
1.0,1253.25,4,1
1.0,1640.53,3,1
1.0,1374.7,3,0
1.0,1034.69,1,0
1.0,550.0,4,1
1.0,763.97,3,1
1.0,914.43,2,0
1.0,1200.48,4,1
1.0,980.7,5,1
1.0,911.89,2,1
1.0,1414.96,2,1
1.0,550.0,2,0
1.0,1068.13,1,0
1.0,839.29,5,1
1.0,1025.0,3,1
1.0,1871.3,3,1
1.0,969.23,4,1
1.0,833.98,1,0
1.0,993.33,4,1
1.0,678.77,5,1
1.0,1337.26,4,1
1.0,550.0,2,0
1.0,1345.29,4,1
1.0,1443.95,5,1
1.0,550.0,2,0
1.0,1192.83,4,1
1.0,991.63,3,0
1.0,1390.12,6,1
1.0,833.65,4,1
1.0,2270.33,3,1
1.0,574.52,2,0
1.0,693.72,2,0
1.0,836.49,3,0
1.0,1335.51,2,1
1.0,550.0,4,0
1.0,550.0,1,0
1.0,782.82,4,0
1.0,620.84,3,0
1.0,1109.35,2,0
1.0,978.37,2,0
1.0,1100.96,3,1
1.0,1164.7,1,0
1.0,1456.13,2,0
1.0,1039.35,3,1
1.0,846.32,3,1
1.0,550.0,4,0
1.0,652.06,2,0
1.0,1491.94,2,1
1.0,550.0,3,1
1.0,1965.06,4,1
1.0,1437.55,2,0
1.0,965.39,2,0
1.0,1188.25,4,1
1.0,601.52,4,1
1.0,984.56,2,0
1.0,1012.32,4,1
1.0,1600.19,2,0
1.0,1187.7,2,0
1.0,550.0,3,1
1.0,845.58,4,1
1.0,550.0,4,0
1.0,1522.38,2,1
1.0,684.72,4,1
1.0,2027.73,4,1
1.0,550.0,2,0
1.0,1161.42,3,1
1.0,550.0,2,0
1.0,550.0,4,1
1.0,708.42,3,1
1.0,851.29,5,0
1.0,764.52,3,0
1.0,1626.18,2,0
1.0,1119.76,1,1
1.0,752.32,2,1
1.0,726.14,2,1
1.0,550.0,2,0
1.0,1701.92,4,1
1.0,1729.0,4,1
1.0,1239.22,4,0
1.0,1556.84,4,0
1.0,1248.45,4,1
1.0,561.66,2,1
1.0,1063.86,4,1
1.0,956.73,4,1
1.0,550.0,2,0
1.0,886.37,4,0
1.0,1877.12,3,0
1.0,961.04,4,0
1.0,1346.49,3,1
1.0,1162.05,3,1
1.0,1004.55,3,1
1.0,550.0,2,0
1.0,1357.24,2,0
1.0,550.0,4,0
1.0,1258.98,3,1
1.0,698.31,2,0
1.0,1536.77,3,0
1.0,1798.59,3,1
1.0,793.32,3,0
1.0,1429.85,5,1
1.0,827.92,3,1
1.0,550.0,2,0
1.0,1154.48,3,0
1.0,1417.85,5,1
1.0,1141.4,3,1
1.0,550.0,3,0
1.0,923.29,3,0
1.0,550.0,2,0
1.0,1114.92,3,0
1.0,550.0,3,0
1.0,1507.65,4,1
1.0,1647.35,2,0
1.0,1218.44,3,1
1.0,550.0,4,0
1.0,550.0,4,1
1.0,550.0,2,0
1.0,1079.63,3,1
1.0,1180.31,5,1
1.0,550.0,3,0
1.0,1070.9,2,0
1.0,743.68,4,1
1.0,1249.65,3,0
1.0,1493.58,3,1
1.0,1735.68,2,1
1.0,1934.49,3,1
1.0,1814.94,4,0
1.0,1575.64,4,1
1.0,550.0,2,1
1.0,550.0,3,0
1.0,1305.88,4,1
1.0,1089.42,3,1
1.0,830.2,2,0
1.0,1271.3,3,0
1.0,1119.09,3,1
1.0,1010.8,2,0
1.0,550.0,3,0
1.0,733.29,2,0
1.0,1227.87,5,1
1.0,678.8,3,0
1.0,652.83,2,0
1.0,1317.8,3,0
1.0,1932.48,1,0
1.0,1490.23,5,1
1.0,1358.21,1,0
1.0,550.0,4,1
1.0,1675.25,1,0
1.0,1202.25,1,0
1.0,550.0,3,0
1.0,550.0,3,1
1.0,728.9,2,1
1.0,1242.45,4,1
1.0,550.0,2,0
1.0,1307.13,3,0
1.0,1129.54,4,0
1.0,1375.85,4,1
1.0,1151.06,3,0
1.0,550.0,3,0
1.0,614.91,2,0
1.0,820.01,4,1
1.0,931.87,3,1
1.0,856.95,3,0
1.0,1765.4,3,1
1.0,2276.81,3,0
1.0,860.5,3,1
1.0,1041.99,4,0
1.0,917.46,3,0
1.0,1507.66,4,1
1.0,550.0,2,0
1.0,1396.88,5,1
1.0,550.0,4,0
1.0,988.67,4,1
1.0,1750.04,3,1
1.0,550.0,1,0
1.0,550.0,3,0
1.0,550.0,2,0
1.0,550.0,3,0
1.0,988.51,2,0
1.0,958.57,3,1
1.0,931.9,3,0
1.0,721.86,2,0
1.0,1143.53,2,1
1.0,715.82,3,0
1.0,1181.53,2,1
1.0,660.33,4,0
1.0,1408.62,2,0
1.0,950.65,3,1
1.0,2067.52,4,1
1.0,907.53,3,0
1.0,1261.2,5,1
1.0,550.0,3,0
1.0,1670.63,2,1
1.0,1016.27,2,1
1.0,1001.8,4,0
1.0,622.21,1,0
1.0,768.34,3,0
1.0,885.62,4,1
1.0,1011.88,5,1
1.0,627.81,2,0
1.0,1511.53,3,1
1.0,550.0,2,1
1.0,1779.72,4,1
1.0,1694.81,2,1
1.0,1688.66,3,1
1.0,550.0,5,0
1.0,907.53,4,1
1.0,1207.53,3,0
1.0,1042.11,4,1
1.0,1235.16,1,0
1.0,1072.14,2,1
1.0,1037.71,4,1
1.0,753.57,5,1
1.0,1424.81,1,1
1.0,627.46,2,1
1.0,693.41,4,1
1.0,772.35,3,1
1.0,550.0,3,0
1.0,1143.01,3,1
1.0,1239.61,4,0
1.0,1014.03,3,0
1.0,743.83,2,1
1.0,2708.44,4,1
1.0,907.67,3,0
1.0,1077.67,3,1
1.0,550.0,3,0
1.0,869.73,2,0
1.0,1029.9,1,0
1.0,550.0,3,0
1.0,1117.59,5,1
1.0,1628.4,3,1
1.0,1262.8,2,1
1.0,550.0,1,0
1.0,1625.37,3,1
1.0,637.46,3,1
1.0,550.0,3,0
1.0,1993.82,3,1
1.0,1286.95,3,0
1.0,796.16,2,0
1.0,686.31,4,0
1.0,1130.98,3,1
1.0,570.95,2,1
1.0,1624.02,3,1
1.0,550.0,2,0
1.0,794.37,3,1
1.0,1025.84,3,1
1.0,1050.8,3,1
1.0,1236.22,4,1
1.0,550.0,2,0
1.0,1855.43,4,1
1.0,1221.31,3,1
1.0,1399.26,4,1
1.0,960.39,1,0
1.0,1266.03,4,1
1.0,1634.15,2,1
1.0,1099.39,2,0
1.0,1649.83,3,1
1.0,969.93,3,1
1.0,2248.84,5,0
1.0,550.0,1,0
1.0,587.4,3,1
1.0,550.0,1,0
1.0,823.51,3,0
1.0,1558.66,2,1
1.0,1393.42,3,1
1.0,1285.44,4,0
1.0,1570.07,2,1
1.0,550.0,3,0
1.0,935.51,3,0
1.0,1300.82,3,1
1.0,1435.66,3,1
1.0,550.0,4,1
1.0,1434.23,2,0
1.0,1289.99,3,1
1.0,550.0,4,0
1.0,550.0,1,1
1.0,690.05,3,0
1.0,1745.79,1,1
1.0,550.0,2,0
1.0,982.87,3,1
1.0,1323.84,1,1
1.0,550.0,3,0
1.0,550.0,2,0
1.0,550.0,3,1
1.0,883.65,2,1
1.0,923.6,4,1
1.0,794.53,1,1
1.0,550.0,4,0
1.0,1679.48,2,1
1.0,1304.89,4,1
1.0,1155.16,4,1
1.0,1835.88,3,1
1.0,974.94,1,0
1.0,1297.69,2,0
1.0,1532.08,3,1
1.0,1724.11,2,1
1.0,789.27,3,1
1.0,1714.11,5,1
1.0,980.86,4,1
1.0,1489.93,4,1
1.0,854.94,2,0
1.0,741.88,2,0
1.0,1496.13,4,0
1.0,832.82,2,1
1.0,964.37,2,1
1.0,550.0,4,0
1.0,1080.35,5,1
1.0,1403.77,3,1
1.0,550.0,3,1
1.0,779.1,2,0
1.0,944.74,4,1
1.0,1485.34,3,1
1.0,1128.09,3,1
1.0,1421.46,3,1
1.0,1423.13,4,1
1.0,1264.62,4,1
1.0,812.79,4,0
1.0,1491.62,3,0
1.0,993.08,3,1
1.0,550.0,3,0
1.0,1005.09,4,0
1.0,1110.0,3,1
1.0,1558.41,2,0
1.0,951.57,4,1
1.0,783.16,3,1
1.0,550.0,3,0
1.0,1082.1,2,0
1.0,1092.77,3,0
1.0,959.56,3,1
1.0,804.51,3,0
1.0,1667.57,2,0
1.0,830.53,3,1
1.0,946.23,4,1
1.0,733.8,3,0
1.0,571.32,1,0
1.0,1038.58,2,0
1.0,1538.84,3,1
1.0,971.55,3,0
1.0,595.59,3,0
1.0,652.12,3,0
1.0,1921.88,2,1
1.0,651.16,3,0
1.0,1033.49,3,1
1.0,1871.4,2,1
1.0,1001.84,2,1
1.0,1795.33,2,0
1.0,1263.08,4,0
1.0,671.09,3,0
1.0,1044.25,2,0
1.0,1815.46,2,0
1.0,961.1,2,0
1.0,697.13,4,1
1.0,1312.12,4,0
1.0,829.58,4,0
1.0,2490.43,4,1
1.0,1001.56,2,1
1.0,1046.96,3,0
1.0,1545.27,4,1
1.0,550.0,4,1
1.0,550.0,3,0
1.0,1621.94,2,0
1.0,661.77,2,0
1.0,812.11,4,0
1.0,550.0,4,1
1.0,1092.04,2,0
1.0,550.0,2,0
1.0,1324.19,4,0
1.0,1156.86,4,1
1.0,1608.87,4,1
1.0,1031.39,3,0
1.0,1598.52,3,1
1.0,780.03,4,1
1.0,1102.15,3,1
1.0,891.48,1,0
1.0,550.0,4,1
1.0,1455.53,3,0
1.0,1191.08,1,0
1.0,1493.52,2,1
1.0,1005.66,3,1
1.0,1318.48,2,1
1.0,1637.19,4,1
1.0,1695.41,2,1
1.0,927.68,5,1
1.0,1182.12,2,0
1.0,550.0,3,0
1.0,1236.85,2,0
1.0,615.46,3,1
1.0,550.0,3,0
1.0,1528.58,3,1
1.0,1073.95,3,0
1.0,550.0,2,1
1.0,1678.52,3,1
1.0,1655.22,3,1
1.0,1043.69,2,1
1.0,1591.98,3,1
1.0,550.0,4,1
1.0,1495.69,1,0
1.0,1753.26,5,1
1.0,767.32,4,1
1.0,1551.81,3,0
1.0,1141.41,5,1
1.0,550.0,4,0
1.0,1777.14,3,1
1.0,1604.98,4,1
1.0,1968.15,4,1
1.0,1110.08,4,1
1.0,550.0,3,0
1.0,620.57,2,0
1.0,550.0,6,0
1.0,1006.33,2,1
1.0,550.0,3,0
1.0,901.44,5,0
1.0,729.07,3,1
1.0,583.35,2,0
1.0,1941.32,4,1
1.0,1484.56,2,1
1.0,705.09,2,0
1.0,820.59,4,0
1.0,992.02,3,0
1.0,550.0,5,1
1.0,664.34,4,0
1.0,1035.83,1,0
1.0,583.5,2,0
1.0,746.61,1,0
1.0,1327.58,4,1
1.0,843.57,2,0
1.0,1385.61,2,1
1.0,1107.8,2,0
1.0,1407.15,5,1
1.0,1619.61,2,1
1.0,1965.66,3,1
1.0,578.86,4,0
1.0,1235.84,2,0
1.0,775.73,3,1
1.0,1121.99,3,1
1.0,1779.8,3,1
1.0,1299.69,3,0
1.0,1063.19,4,0
1.0,1499.31,4,1
1.0,1327.95,4,1
1.0,1070.45,3,1
1.0,1302.16,3,1
1.0,657.08,4,0
1.0,978.99,4,1
1.0,981.82,4,1
1.0,873.22,3,0
1.0,550.0,4,1
1.0,2019.13,4,1
1.0,700.48,3,0
1.0,550.0,3,1
1.0,1808.55,3,1
1.0,807.11,4,0
1.0,1452.3,3,1
1.0,550.0,1,0
1.0,879.41,3,0
1.0,1058.49,2,0
1.0,808.65,5,0
1.0,1489.94,3,1
1.0,1171.95,3,1
1.0,1628.49,3,1
1.0,1551.28,4,1
1.0,1231.75,1,0
1.0,1115.75,2,1
1.0,550.0,4,1
1.0,1915.77,4,1
1.0,1658.09,2,1
1.0,684.47,3,1
1.0,550.0,4,0
1.0,550.0,3,0
1.0,671.79,4,1
1.0,951.87,2,1
1.0,790.34,1,0
1.0,821.78,3,0
1.0,1379.63,3,1
1.0,1823.82,3,1
1.0,1788.56,3,1
1.0,1638.91,4,1
1.0,1418.77,3,0
1.0,1228.57,3,1
1.0,1778.38,3,1
1.0,1328.2,3,0
1.0,1090.39,3,0
1.0,1794.21,4,1
1.0,1262.21,5,1
1.0,603.88,3,0
1.0,1480.66,3,0
1.0,1194.72,3,0
1.0,1077.72,3,1
1.0,550.0,3,0
1.0,550.0,3,0
1.0,1343.68,4,1
1.0,1135.54,2,1
1.0,550.0,2,0
1.0,1543.04,3,1
1.0,1173.31,2,1
1.0,550.0,4,0
1.0,1550.84,3,0
1.0,595.71,1,0
1.0,550.0,3,0
1.0,1275.98,3,1
1.0,550.0,4,1
1.0,1453.22,4,1
1.0,1755.32,4,1
1.0,550.0,3,0
1.0,1704.06,2,1
1.0,2173.85,2,1
1.0,1179.73,4,1
1.0,833.03,2,0
1.0,1836.82,2,1
1.0,947.06,3,0
1.0,550.0,2,0
1.0,1201.61,1,0
1.0,550.0,4,1
1.0,574.97,2,0
1.0,550.0,3,0
1.0,753.82,4,1
1.0,879.71,2,1
1.0,1251.3,3,0
1.0,1201.84,2,1
1.0,2229.45,4,1
1.0,591.51,3,0
1.0,1140.4,2,0
1.0,1230.45,4,0
1.0,1333.9,4,0
1.0,611.44,3,0
1.0,1372.23,3,1
1.0,665.95,4,0
1.0,1332.33,2,0
1.0,845.18,3,1
1.0,1007.38,3,0
1.0,1849.91,3,1
1.0,906.3,4,1
1.0,1236.55,3,1
1.0,795.85,4,0
1.0,871.97,3,0
1.0,550.0,2,0
1.0,1645.35,2,0
1.0,1105.34,2,0
1.0,813.53,5,1
1.0,1740.6,5,1
1.0,612.75,4,0
1.0,1027.16,4,1
1.0,1629.25,2,1
1.0,982.41,3,1
1.0,550.0,4,1
1.0,1159.75,3,0
1.0,1070.43,1,0
1.0,1070.92,3,0
1.0,550.0,2,1
1.0,1085.41,4,1
1.0,1226.32,5,0
1.0,550.0,3,0
1.0,1396.24,4,1
1.0,1475.33,2,0
1.0,1116.13,5,1
1.0,759.96,3,1
1.0,550.0,3,0
1.0,1185.79,4,1
1.0,1403.27,1,1
1.0,550.0,1,0
1.0,762.42,4,0
1.0,550.0,4,0
1.0,1255.41,4,1
1.0,573.29,2,1
1.0,550.0,3,0
1.0,641.69,5,1
1.0,914.69,2,0
1.0,1666.6,3,1
1.0,1471.77,2,1
1.0,2043.27,2,1
1.0,683.73,4,0
1.0,550.0,4,0
1.0,1647.78,4,1
1.0,835.7,3,1
1.0,1345.5,3,1
1.0,1139.21,4,1
1.0,1484.71,3,1
1.0,1196.62,2,0
1.0,647.66,2,0
1.0,1487.78,3,1
1.0,1095.74,4,1
1.0,1535.89,1,1
1.0,757.44,3,1
1.0,616.33,3,0
1.0,1158.16,5,0
1.0,711.33,4,0
1.0,725.24,1,0
1.0,1429.04,4,0
1.0,1280.95,5,1
1.0,666.73,2,0
1.0,926.04,1,0
1.0,1107.73,2,0
1.0,1662.92,1,0
1.0,550.0,2,0
1.0,1249.1,2,1
1.0,550.0,2,0
1.0,1290.48,4,0
1.0,1212.91,4,0
1.0,1027.76,4,1
1.0,1310.42,4,0
1.0,550.0,3,0
1.0,1368.13,3,1
1.0,550.0,2,0
1.0,882.39,5,1
1.0,1576.36,2,0
1.0,550.0,4,0
1.0,1366.75,2,0
1.0,599.43,3,0
1.0,807.17,2,1
1.0,1427.49,4,1
1.0,550.0,4,0
1.0,608.48,3,1
1.0,642.05,2,0
1.0,763.2,3,0
1.0,1317.59,4,1
1.0,550.0,3,0
1.0,1596.29,3,1
1.0,1001.01,4,1
1.0,1516.79,4,1
1.0,1528.0,4,1
1.0,1393.96,4,1
1.0,1242.05,1,0
1.0,550.0,3,0
1.0,1152.37,4,1
1.0,1066.26,4,0
1.0,896.2,2,0
1.0,1450.22,3,1
1.0,550.0,4,1
1.0,1568.42,2,0
1.0,610.36,1,0
1.0,1391.84,3,0
1.0,851.0,4,1
1.0,550.0,3,1
1.0,550.0,3,0
1.0,1160.99,4,0
1.0,1327.5,4,0
1.0,1123.12,4,1
1.0,550.0,1,0
1.0,729.32,3,1
1.0,712.47,3,0
1.0,1418.84,3,1
1.0,1448.76,2,1
1.0,1082.47,5,1
1.0,678.96,3,0
1.0,1288.75,4,1
1.0,734.27,2,0
1.0,786.27,3,1
1.0,1094.17,2,0
1.0,1594.84,3,1
1.0,1251.06,1,0
1.0,870.74,3,1
1.0,550.0,3,1
1.0,1264.65,3,1
1.0,1303.24,2,1
1.0,1486.33,2,1
1.0,550.0,3,0
1.0,808.49,4,1
1.0,592.36,4,1
1.0,855.78,3,1
1.0,1648.03,4,1
1.0,1064.85,1,1
1.0,1024.17,2,0
1.0,812.28,2,0
1.0,904.71,4,1
1.0,695.01,1,0
1.0,1539.94,3,1
1.0,1615.82,2,0
1.0,1928.33,5,0
1.0,576.38,4,0
1.0,550.0,3,1
1.0,1765.19,1,0
1.0,550.0,3,1
1.0,1633.13,4,1
1.0,1317.76,4,1
1.0,550.0,2,0
1.0,1356.3,3,0
1.0,694.21,3,1
1.0,752.37,3,1
1.0,981.06,4,1
1.0,1946.47,2,1
1.0,593.12,2,0
1.0,550.0,2,0
1.0,1124.01,3,1
1.0,1346.33,3,1
1.0,1237.47,3,1
1.0,1569.85,2,0
1.0,709.19,2,0
1.0,1473.19,1,0
1.0,796.96,1,0
1.0,550.0,3,0
1.0,1372.58,4,1
1.0,1535.57,2,0
1.0,1261.69,3,1
1.0,1216.19,3,0
1.0,723.29,3,1
1.0,550.0,2,0
1.0,1328.23,4,1
1.0,785.79,3,0
1.0,1679.32,3,1
1.0,1316.02,1,0
1.0,550.5,3,0
1.0,797.1,2,0
1.0,550.0,3,0
1.0,1008.98,2,0
1.0,1176.34,2,1
1.0,879.97,1,0
1.0,1383.05,2,0
1.0,917.46,3,0
1.0,993.27,5,1
1.0,550.0,4,1
1.0,581.91,1,1
1.0,550.0,3,0
1.0,1677.82,3,1
1.0,1604.33,3,0
1.0,682.2,3,1
1.0,1233.94,3,1
1.0,960.83,2,0
1.0,550.0,3,1
1.0,1538.8,2,1
1.0,550.0,1,0
1.0,550.0,3,0
1.0,1045.55,2,0
1.0,731.76,3,0
1.0,709.95,2,0
1.0,629.62,4,0
1.0,1210.5,3,1
1.0,550.0,4,0
1.0,1774.77,1,0
1.0,934.87,2,1
1.0,576.58,3,1
1.0,550.0,2,0
1.0,942.19,3,0
1.0,550.0,5,1
1.0,1293.6,2,1
1.0,1169.91,5,1
1.0,550.0,4,1
1.0,1521.72,4,1
1.0,1606.97,4,1
1.0,1493.17,4,0
1.0,1903.55,3,0
1.0,1617.38,2,1
1.0,550.0,3,0
1.0,554.35,3,0
1.0,1441.96,4,0
1.0,638.75,4,1
1.0,1133.59,2,1
1.0,550.0,2,0
1.0,1295.36,3,1
1.0,1011.04,4,1
1.0,550.0,3,0
1.0,1039.85,4,1
1.0,1976.75,3,0
1.0,797.2,2,1
1.0,550.0,2,0
1.0,1164.5,3,1
1.0,1659.0,4,1
1.0,1336.19,4,0
1.0,550.0,2,0
1.0,1770.71,3,1
1.0,550.0,3,0
1.0,1125.46,4,1
1.0,937.7,3,0
1.0,1661.48,3,0
1.0,1214.53,2,1
1.0,2018.97,3,1
1.0,550.0,2,0
1.0,1016.55,4,1
1.0,1425.25,4,1
1.0,616.19,3,0
1.0,1427.72,4,1
1.0,1779.61,3,1
1.0,823.48,2,0
1.0,1659.9,4,0
1.0,1146.53,4,1
1.0,871.35,3,0
1.0,1713.06,3,1
1.0,1554.09,4,1
1.0,880.52,3,0
1.0,1339.34,5,1
1.0,898.34,3,1
1.0,1619.5,4,1
1.0,1099.92,3,1
1.0,1998.75,4,1
1.0,739.52,2,0
1.0,790.88,2,1
1.0,776.64,3,1
1.0,550.0,4,1
1.0,693.68,5,1
1.0,1592.82,3,1
1.0,586.15,2,0
1.0,1771.08,2,1
1.0,740.01,3,0
1.0,550.0,1,1
1.0,923.29,1,0
1.0,1217.26,4,1
1.0,1297.12,4,0
1.0,1428.66,2,1
1.0,577.84,2,0
1.0,1154.18,3,1
1.0,1088.51,2,0
1.0,760.55,1,0
1.0,786.48,1,0
1.0,1259.6,2,1
1.0,1010.31,3,0
1.0,1376.46,1,0
1.0,566.8,4,1
1.0,651.31,3,1
1.0,1405.06,2,1
1.0,1364.11,2,0
1.0,782.21,5,1
1.0,550.0,4,0
1.0,672.57,4,0
1.0,1644.05,2,1
1.0,909.16,4,0
1.0,1003.05,3,0
1.0,1714.27,3,1
1.0,550.0,2,0
1.0,596.69,2,0
1.0,1007.39,2,1
1.0,984.45,2,0
1.0,740.4,4,1
1.0,1821.84,3,1
1.0,1252.06,2,0
1.0,1103.52,2,1
1.0,1396.49,3,0
1.0,993.55,2,0
1.0,1179.33,2,1
1.0,1644.34,2,1
1.0,1545.84,2,0
1.0,1736.87,4,1
1.0,1567.15,2,1
1.0,1162.96,3,1
1.0,853.27,3,0
1.0,850.46,4,1
1.0,1126.88,3,1
1.0,1484.12,4,1
1.0,550.0,3,0
1.0,878.64,2,1
1.0,931.09,3,0
1.0,1569.34,2,1
1.0,1544.14,3,1
1.0,1264.09,4,1
1.0,939.55,3,1
1.0,1158.98,3,0
1.0,550.0,3,0
1.0,550.0,2,0
1.0,740.51,2,0
1.0,1030.28,4,1
1.0,1559.54,3,1
1.0,550.0,3,1
1.0,597.48,3,1
1.0,1653.37,3,0
1.0,1297.31,4,1
1.0,1111.09,4,0
1.0,591.18,1,0
1.0,550.0,4,0
1.0,675.85,3,0
1.0,550.0,4,0
1.0,1291.17,6,1
1.0,586.83,3,0
1.0,550.0,3,0
1.0,1182.5,2,0
1.0,1563.94,4,1
1.0,1551.51,2,0
1.0,634.61,5,1
1.0,550.0,3,0
1.0,1025.55,1,0
1.0,1010.84,4,1
1.0,1332.75,2,0
1.0,550.0,4,0
1.0,1065.11,4,0
1.0,654.74,1,0
1.0,683.26,2,0
1.0,1469.8,2,1
1.0,639.73,1,0
1.0,1428.66,4,0
1.0,550.0,2,0
1.0,1472.34,2,0
1.0,1556.12,2,1
1.0,915.01,3,0
1.0,922.13,4,1
1.0,550.0,3,1
1.0,646.13,3,0
1.0,641.56,4,1
1.0,1158.48,3,0
1.0,749.4,1,0
1.0,1018.85,3,0
1.0,1838.44,3,0
1.0,638.03,3,0
1.0,690.17,2,0
1.0,550.0,4,0
1.0,860.91,3,1
1.0,550.0,2,0
1.0,1501.57,3,1
1.0,935.67,2,0
1.0,1401.07,3,1
1.0,1434.14,2,1
1.0,1906.63,5,1
1.0,897.39,3,1
1.0,1316.55,2,1
1.0,1079.7,3,0
1.0,819.25,4,0
1.0,1476.09,3,1
1.0,1600.25,4,1
1.0,1521.66,4,0
1.0,1831.13,4,1
1.0,550.0,4,0
1.0,835.07,2,0
1.0,1386.17,3,1
1.0,711.62,5,1
1.0,2206.31,3,1
1.0,550.0,1,1
1.0,1008.1,2,0
1.0,550.0,5,0
1.0,818.58,1,0
1.0,930.04,3,1
1.0,550.0,3,0
1.0,550.0,3,0
1.0,550.0,3,0
1.0,1412.23,2,0
1.0,1215.45,3,0
1.0,2336.4,3,1
1.0,1579.72,4,1
1.0,550.0,2,0
1.0,1036.98,3,1
1.0,1095.56,4,0
1.0,1508.69,2,1
1.0,692.76,2,0
1.0,936.93,3,0
1.0,937.88,3,0
1.0,641.65,3,0
1.0,1217.68,4,1
1.0,975.39,3,1
1.0,579.94,3,0
1.0,2299.19,2,1
1.0,1158.05,4,1
1.0,926.68,1,0
1.0,550.0,4,0
1.0,1050.59,4,0
1.0,878.26,2,1
1.0,550.0,3,0
1.0,659.38,3,0
1.0,1078.68,3,0
1.0,985.8,3,1
1.0,671.5,3,0
1.0,1418.33,3,1
1.0,774.1,4,1
1.0,959.9,4,1
1.0,1193.45,3,1
1.0,1641.08,3,1
1.0,905.37,3,1
1.0,985.36,3,1
1.0,550.0,3,1
1.0,1068.77,3,1
1.0,1381.63,3,0
1.0,907.07,3,1
1.0,913.84,4,1
1.0,1375.35,3,0
1.0,1211.19,4,0
1.0,799.4,3,0
1.0,940.83,4,1
1.0,550.0,3,0
1.0,550.0,5,1
1.0,1149.79,2,0
1.0,1772.98,3,1
1.0,550.0,3,0
1.0,1030.2,2,0
1.0,932.75,4,0
1.0,774.44,3,1
1.0,1620.01,2,0
1.0,1336.78,3,1
1.0,1189.28,4,1
1.0,1384.13,4,0
1.0,1135.3,4,1
1.0,1199.21,2,1
1.0,636.72,3,1
1.0,1527.26,3,1
1.0,896.07,2,1
1.0,1456.69,4,1
1.0,1915.74,5,1
1.0,550.0,3,0
1.0,1408.19,2,0
1.0,550.0,2,1
1.0,726.52,3,0
1.0,1340.98,2,0
1.0,1581.99,4,1
1.0,550.0,3,0
1.0,550.0,3,1
1.0,1485.68,4,1
1.0,680.49,2,0
1.0,890.77,3,0
1.0,1263.37,4,1
1.0,910.35,3,0
1.0,1136.5,4,1
1.0,1244.67,3,1
1.0,666.6,1,0
1.0,1887.43,1,0
1.0,807.07,2,0
1.0,776.78,3,0
1.0,945.15,1,0
1.0,1006.87,3,1
1.0,694.38,2,0
1.0,1787.89,4,1
1.0,858.39,3,1
1.0,550.0,2,0
1.0,1400.76,3,1
1.0,1045.36,3,1
1.0,550.0,3,0
1.0,550.0,3,0
1.0,685.34,2,0
1.0,550.0,2,1
1.0,2282.45,5,1
1.0,1103.76,2,1
1.0,1573.4,1,0
1.0,1106.25,4,1
1.0,1044.97,5,1
1.0,788.63,1,0
1.0,1729.98,2,0
1.0,1008.86,2,1
1.0,1116.92,3,1
1.0,1003.91,4,0
1.0,1056.57,2,1
1.0,1302.95,3,0
1.0,1093.65,3,1
1.0,751.96,4,0
1.0,1463.04,3,1
1.0,550.0,3,0
1.0,884.98,2,0
1.0,594.91,3,0
1.0,550.0,3,1
1.0,1043.84,3,0
1.0,1115.97,5,0
1.0,941.5,3,0
1.0,644.91,1,0
1.0,1161.42,4,1
1.0,954.7,3,1
1.0,1124.19,3,1
1.0,1513.03,4,0
1.0,550.0,2,0
1.0,981.82,3,1
1.0,1214.64,3,1
1.0,1227.8,4,1
1.0,1123.61,4,1
1.0,1367.23,4,0
1.0,550.0,2,1
1.0,1024.61,2,1
1.0,2105.87,2,1
1.0,1807.96,3,1
1.0,1084.07,3,1
1.0,609.92,1,0
1.0,971.19,4,1
1.0,1838.25,2,1
1.0,1001.09,2,0
1.0,643.83,2,0
1.0,1285.27,3,0
1.0,550.0,3,0
1.0,550.0,5,1
1.0,1077.59,2,0
1.0,766.24,5,1
1.0,1405.73,4,1
1.0,1090.75,3,1
1.0,1136.32,4,1
1.0,781.49,3,0
1.0,1963.55,3,1
1.0,1373.91,3,1
1.0,1140.04,1,0
1.0,962.42,3,0
1.0,1070.66,4,1
1.0,550.0,2,0
1.0,550.0,3,1
1.0,1363.32,3,1
1.0,1561.99,4,1
1.0,675.02,4,1
1.0,1082.21,4,0
1.0,653.9,2,0
1.0,550.0,4,0
1.0,1639.69,4,0
1.0,550.0,4,0
1.0,1325.96,3,1
1.0,550.0,1,0
1.0,1098.27,2,1
1.0,1594.37,3,1
1.0,1152.94,2,1
1.0,550.0,3,0
1.0,550.0,2,0
1.0,1286.44,3,1
1.0,550.0,2,0
1.0,550.0,3,1
1.0,1446.72,4,1
1.0,1657.28,3,1
1.0,1311.71,3,0
1.0,550.0,3,0
1.0,550.0,1,1
1.0,744.84,3,0
1.0,550.0,5,1
1.0,900.88,3,0
1.0,1477.74,5,1
1.0,571.26,2,0
1.0,743.12,3,0
1.0,1510.55,2,1
1.0,1116.97,3,0
1.0,550.0,1,1
1.0,1210.53,3,1
1.0,1089.99,5,1
1.0,550.0,3,0
1.0,707.65,3,0
1.0,695.32,2,0
1.0,770.63,4,1
1.0,1262.26,4,1
1.0,1312.86,3,0
1.0,550.0,3,0
1.0,1553.08,3,0
1.0,1380.6,2,0
1.0,977.85,1,0
1.0,550.0,2,0
1.0,1334.19,1,0
1.0,736.17,3,0
1.0,928.34,2,1
1.0,597.29,4,0
1.0,1532.66,4,1
1.0,595.56,1,0
1.0,604.56,1,0
1.0,862.32,1,0
1.0,816.02,1,0
1.0,1725.96,4,1
1.0,862.03,4,0
1.0,1220.33,3,0
1.0,550.0,3,0
1.0,1320.61,4,1
1.0,550.0,3,0
1.0,1476.34,4,1
1.0,851.23,3,0
1.0,1017.24,3,0
1.0,1526.53,6,1
1.0,1159.89,2,0
1.0,930.27,6,1
1.0,1526.32,3,0
1.0,1359.74,4,1
1.0,550.0,2,0
1.0,1161.41,4,0
1.0,739.21,3,1
1.0,550.0,1,0
1.0,1407.32,4,1
1.0,1658.33,3,1
1.0,582.18,5,1
1.0,550.0,4,1
1.0,1999.62,4,1
1.0,891.51,5,1
1.0,550.0,5,0
1.0,550.0,1,0
1.0,754.45,4,1
1.0,883.95,3,0
1.0,550.0,1,0
1.0,811.29,1,0
1.0,1575.99,2,1
1.0,1244.05,3,0
1.0,550.0,1,0
1.0,1964.38,3,1
1.0,628.95,2,0
1.0,897.55,3,0
1.0,878.12,2,0
1.0,1352.5,5,1
1.0,762.24,3,0
1.0,1176.95,4,1
1.0,1344.58,4,1
1.0,864.47,4,1
1.0,550.0,1,1
1.0,1620.23,4,1
1.0,561.54,2,0
1.0,902.42,5,0
1.0,550.0,1,0
1.0,935.84,5,1
1.0,550.0,4,0
1.0,1285.87,4,1
1.0,550.0,3,1
1.0,764.78,2,0
1.0,550.0,3,1
1.0,1236.22,3,0
1.0,1577.81,2,0
1.0,802.63,4,1
1.0,818.83,4,1
1.0,550.0,3,0
1.0,1597.38,4,1
1.0,1255.55,4,1
1.0,843.91,4,1
1.0,550.0,2,0
1.0,1663.86,3,1
1.0,550.0,4,1
1.0,706.05,3,0
1.0,891.53,3,0
1.0,796.53,4,0
1.0,1472.7,2,0
1.0,550.0,4,1
1.0,1298.5,3,1
1.0,673.84,3,0
1.0,980.67,4,1
1.0,1485.13,3,0
1.0,550.0,2,0
1.0,1382.35,2,0
1.0,1416.23,4,1
1.0,550.0,2,1
1.0,1059.87,2,0
1.0,1564.82,3,1
1.0,2122.29,5,1
1.0,550.0,2,0
1.0,1392.66,3,1
1.0,1573.25,2,0
1.0,808.5,3,1
1.0,550.0,4,0
1.0,769.22,3,1
1.0,1115.74,2,1
1.0,1792.24,4,1
1.0,1648.24,3,0
1.0,1646.74,3,1
1.0,676.08,1,0
1.0,1219.04,4,1
1.0,550.0,1,1
1.0,676.7,3,0
1.0,1418.88,2,0
1.0,1837.05,4,0
1.0,1463.95,3,0
1.0,1681.2,3,1
1.0,1287.98,3,1
1.0,652.27,3,0
1.0,1628.7,4,0
1.0,550.0,2,0
1.0,1196.63,3,0
1.0,839.67,3,0
1.0,927.64,3,1
1.0,656.16,4,1
1.0,936.56,2,0
1.0,1406.82,2,1
1.0,853.67,3,1
1.0,1781.54,3,1
1.0,695.98,4,0
1.0,1803.96,5,0
1.0,651.47,4,1
1.0,1376.55,3,1
1.0,759.11,2,0
1.0,550.0,3,0
1.0,1028.15,3,1
1.0,1084.92,2,1
1.0,784.31,3,1
1.0,864.89,4,1
1.0,1783.22,4,1
1.0,1472.5,3,0
1.0,1999.12,2,1
1.0,2241.44,2,1
1.0,859.61,4,0
1.0,669.63,2,0
1.0,1273.23,3,1
1.0,1372.34,4,1
1.0,1320.57,3,1
1.0,550.0,3,0
1.0,550.0,3,0
1.0,1384.52,5,1
1.0,759.0,3,0
1.0,1376.84,4,1
1.0,833.57,6,1
1.0,550.0,4,1
1.0,709.22,4,0
1.0,1346.98,2,0
1.0,970.71,3,0
1.0,550.0,4,1
1.0,967.51,3,0
1.0,1257.46,4,1
1.0,1246.79,2,0
1.0,1352.28,5,1
1.0,1408.7,3,1
1.0,1068.13,2,0
1.0,636.04,3,0
1.0,1059.86,3,0
1.0,1746.58,2,1
1.0,838.39,5,1
1.0,847.43,5,1
1.0,1361.24,2,1
1.0,1614.62,3,1
1.0,550.0,4,1
1.0,845.65,3,0
1.0,989.32,4,0
1.0,758.38,2,1
1.0,1092.14,4,1
1.0,1790.43,4,1
1.0,587.12,2,0
1.0,550.0,2,0
1.0,911.59,2,0
1.0,1293.03,3,0
1.0,1165.91,3,1
1.0,2166.82,4,1
1.0,680.92,1,0
1.0,1157.16,3,0
1.0,716.33,3,0
1.0,1491.39,4,1
1.0,1996.98,3,1
1.0,1992.7,4,1
1.0,555.0,1,0
1.0,1196.5,3,1
1.0,1496.96,3,1
1.0,550.0,2,0
1.0,1032.92,5,1
1.0,756.78,4,0
1.0,566.9,3,0
1.0,550.0,2,0
1.0,550.0,1,0
1.0,974.67,4,1
1.0,1209.52,3,1
1.0,1493.56,3,0
1.0,1682.77,2,1
1.0,1547.53,3,1
1.0,550.0,5,1
1.0,1126.79,4,0
1.0,1140.21,4,1
1.0,550.0,4,0
1.0,1420.14,3,1
1.0,634.46,4,0
1.0,667.46,3,1
1.0,1076.54,2,1
1.0,807.07,2,1
1.0,1080.31,3,1
1.0,814.22,3,1
1.0,550.0,2,0
1.0,632.83,3,0
1.0,858.13,2,1
1.0,550.0,2,0
1.0,751.34,2,0
1.0,550.0,5,0
1.0,640.47,2,0
1.0,1572.82,4,1
1.0,1754.56,5,1
1.0,1613.99,4,1
1.0,1435.02,2,0
1.0,1671.42,2,1
1.0,1795.97,4,1
1.0,1377.31,3,0
1.0,1705.16,3,1
1.0,990.25,4,1
1.0,853.04,1,1
1.0,1179.53,3,1
1.0,905.48,4,1
1.0,679.78,3,0
1.0,1831.94,3,1
1.0,550.0,3,0
1.0,1113.68,3,0
1.0,829.1,3,1
1.0,934.05,2,0
1.0,954.82,5,0
1.0,687.13,3,0
1.0,852.56,2,0
1.0,550.0,2,0
1.0,550.0,4,0
1.0,932.72,3,0
1.0,1228.04,1,0
1.0,1224.95,2,0
1.0,997.54,2,0
1.0,1067.85,2,0
1.0,1864.9,3,1
1.0,553.43,3,0
1.0,633.49,3,1
1.0,1334.34,3,0
1.0,870.2,3,1
1.0,550.0,2,0
1.0,1247.06,2,1
1.0,550.0,1,0
1.0,981.69,2,1
1.0,1146.96,5,1
1.0,550.0,4,0
1.0,681.75,4,0
1.0,550.0,2,0
1.0,1688.52,1,1
1.0,1479.17,3,1
1.0,785.91,2,0
1.0,1281.83,2,1
1.0,761.54,4,1
1.0,1877.38,2,1
1.0,550.0,4,0
1.0,587.65,3,0
1.0,1553.97,3,1
1.0,1451.47,3,1
1.0,711.33,2,0
1.0,1024.25,4,1
1.0,1662.26,2,0
1.0,1216.55,3,1
1.0,998.35,2,1
1.0,1280.65,4,0
1.0,1432.99,3,1
1.0,1492.0,3,1
1.0,1420.82,2,0
1.0,599.1,3,0
1.0,990.0,4,1
1.0,1388.91,3,0
1.0,1590.06,4,0
1.0,574.93,2,0
1.0,788.8,3,0
1.0,727.21,5,1
1.0,568.77,3,0
1.0,550.0,3,0
1.0,550.0,2,0
1.0,902.17,4,1
1.0,935.67,3,0
1.0,1325.44,2,0
1.0,1616.97,4,1
1.0,550.0,5,1
1.0,550.0,2,0
1.0,1601.24,3,1
1.0,1260.53,4,0
1.0,1220.52,2,0
1.0,793.64,3,0
1.0,1591.28,4,1
1.0,1138.83,1,0
1.0,1024.76,2,1
1.0,886.35,2,1
1.0,1042.39,4,1
1.0,1517.93,3,1
1.0,1393.1,1,1
1.0,550.0,3,0
1.0,620.11,2,1
1.0,557.42,2,0
1.0,1247.24,5,0
1.0,956.69,4,1
1.0,999.38,3,1
1.0,1941.73,2,0
1.0,1231.15,2,1
1.0,550.0,4,0
1.0,1083.25,4,1
1.0,1144.51,3,1
1.0,550.0,2,0
1.0,1545.95,5,1
1.0,1765.71,3,0
1.0,1008.55,3,0
1.0,1010.25,3,0
1.0,1035.3,4,1
1.0,1254.64,2,1
1.0,795.54,4,1
1.0,550.0,3,1
1.0,1382.19,4,0
1.0,774.63,1,0
1.0,724.17,2,1
1.0,838.6,2,0
1.0,1174.4,4,1
1.0,1541.12,5,1
1.0,1212.0,2,1
1.0,550.0,4,0
1.0,1527.93,3,1
1.0,550.0,4,0
1.0,2363.12,3,1
1.0,1507.02,1,0
1.0,960.93,2,0
1.0,1054.61,4,1
1.0,1509.24,3,1
1.0,1224.89,3,1
1.0,1443.74,1,0
1.0,550.0,2,0
1.0,550.0,3,0
1.0,1171.46,3,0
1.0,550.0,5,0
1.0,1063.25,2,0
1.0,1097.15,4,1
1.0,882.69,4,0
1.0,1002.61,2,1
1.0,550.0,2,0
1.0,550.0,3,1
1.0,1333.37,1,1
1.0,1178.14,3,1
1.0,1663.43,5,1
1.0,550.0,4,0
1.0,1417.36,2,1
1.0,859.02,3,0
1.0,955.82,3,1
1.0,1167.16,2,1
1.0,635.65,3,0
1.0,550.0,3,0
1.0,758.96,3,1
1.0,985.05,3,1
1.0,864.41,2,0
1.0,1406.33,4,1
1.0,1087.62,3,1
1.0,573.32,3,0
1.0,1252.72,2,0
1.0,550.0,5,1
1.0,1523.24,4,1
1.0,553.7,5,1
1.0,1479.39,5,0
1.0,835.35,3,1
1.0,1929.23,5,1
1.0,1312.76,3,1
1.0,1980.79,3,1
1.0,937.62,2,0
1.0,2119.1,3,1
1.0,840.32,3,1
1.0,1114.74,3,1
1.0,1686.26,3,1
1.0,787.47,4,1
1.0,1134.63,4,0
1.0,1327.75,2,1
1.0,1009.7,3,1
1.0,976.42,2,1
1.0,1256.39,4,1
1.0,2273.01,4,1
1.0,550.0,3,1
1.0,823.98,3,1
1.0,911.67,4,1
1.0,1274.67,3,1
1.0,811.98,1,0
1.0,1231.79,3,1
1.0,550.0,1,1
1.0,842.69,4,0
1.0,859.83,3,1
1.0,1152.7,2,0
1.0,992.99,3,1
1.0,550.0,1,1
1.0,550.0,2,0
1.0,1128.8,3,1
1.0,804.0,2,1
1.0,1161.33,4,1
1.0,550.0,4,0
1.0,1058.03,3,1
1.0,1001.2,2,0
1.0,1139.35,3,0
1.0,550.0,4,0
1.0,1581.77,3,0
1.0,1266.2,2,0
1.0,550.0,4,0
1.0,1382.24,2,1
1.0,1686.0,3,1
1.0,1040.24,3,1
1.0,863.05,4,1
1.0,1236.81,3,1
1.0,1073.17,2,0
1.0,583.67,3,0
1.0,1645.41,2,1
1.0,714.02,3,0
1.0,1032.15,3,1
1.0,550.0,2,0
1.0,660.8,2,0
1.0,677.25,2,0
1.0,550.0,1,1
1.0,550.0,1,0
1.0,1635.79,2,1
1.0,752.77,1,0
1.0,1229.6,4,1
1.0,1713.51,3,1
1.0,1422.5,3,1
1.0,1327.51,4,0
1.0,763.92,4,0
1.0,663.49,2,0
1.0,1489.19,2,1
1.0,1017.07,2,0
1.0,1059.64,3,1
1.0,550.0,2,0
1.0,682.68,4,1
1.0,904.54,1,1
1.0,839.86,3,0
1.0,1134.26,2,0
1.0,866.59,4,0
1.0,550.0,3,0
1.0,1172.45,3,1
1.0,909.84,3,0
1.0,1307.6,3,1
1.0,805.25,3,1
1.0,922.14,2,0
1.0,571.36,4,1
1.0,556.0,4,1
1.0,1209.92,3,1
1.0,559.06,1,1
1.0,978.14,4,1
1.0,1198.59,4,1
1.0,949.31,2,0
1.0,1017.03,2,1
1.0,1255.64,2,1
1.0,1044.63,5,1
1.0,1024.93,4,0
1.0,550.0,3,0
1.0,1546.07,2,1
1.0,1667.3,5,1
1.0,550.0,2,0
1.0,550.0,5,1
1.0,1579.89,3,0
1.0,1318.75,5,1
1.0,625.65,2,0
1.0,1028.21,2,0
1.0,1382.61,4,1
1.0,760.77,4,1
1.0,550.0,3,0
1.0,712.03,3,0
1.0,1210.49,1,1
1.0,1140.1,3,1
1.0,550.0,4,0
1.0,550.0,3,0
1.0,916.27,3,1
1.0,564.33,3,0
1.0,774.03,3,0
1.0,1067.75,3,0
1.0,550.0,4,0
1.0,1401.71,2,0
1.0,1063.8,2,0
1.0,550.0,3,0
1.0,1033.23,2,0
1.0,1878.52,3,1
1.0,1027.66,4,1
1.0,908.79,4,1
1.0,1553.15,5,1
1.0,550.0,3,0
1.0,1140.22,2,0
1.0,923.93,3,0
1.0,550.0,3,1
1.0,1310.8,2,0
1.0,1060.34,2,1
1.0,1619.76,3,0
1.0,550.0,2,0
1.0,1421.07,4,1
1.0,1591.04,3,1
1.0,689.33,2,0
1.0,1133.28,4,1
1.0,834.77,4,1
1.0,696.73,2,0
1.0,1076.3,3,0
1.0,550.0,4,0
1.0,914.76,1,0
1.0,1001.08,3,0
1.0,550.0,3,0
1.0,1704.13,3,1
1.0,1996.41,4,1
1.0,692.32,4,1
1.0,1331.18,3,1
1.0,727.67,5,1
1.0,550.0,3,0
1.0,550.0,2,1
1.0,1090.98,4,0
1.0,660.69,3,1
1.0,550.0,1,0
1.0,550.0,3,0
1.0,1632.41,3,1
1.0,1069.5,5,1
1.0,1155.22,2,0
1.0,916.71,3,0
1.0,1437.31,1,0
1.0,1067.87,3,1
1.0,550.0,2,0
1.0,1464.01,5,1
1.0,785.06,1,1
1.0,840.12,3,1
1.0,801.85,3,1
1.0,1480.48,2,1
1.0,662.87,3,0
1.0,984.1,2,0
1.0,920.56,2,1
1.0,1515.29,1,0
1.0,1963.87,3,1
1.0,670.81,3,0
1.0,839.76,4,1
1.0,1286.17,6,1
1.0,909.57,3,0
1.0,828.63,3,0
1.0,1682.22,4,1
1.0,1275.71,3,1
1.0,1388.79,2,1
1.0,1223.21,2,1
1.0,637.66,4,0
1.0,591.93,3,0
1.0,645.66,4,1
1.0,918.86,1,0
1.0,1021.92,2,1
1.0,1025.08,3,0
1.0,550.0,3,0
1.0,1328.99,3,1
1.0,1930.03,4,1
1.0,550.0,4,0
1.0,1284.14,3,0
1.0,630.95,2,0
1.0,550.0,2,0
1.0,1226.59,2,0
1.0,812.15,4,1
1.0,554.51,5,1
1.0,588.48,2,0
1.0,550.0,3,0
1.0,968.63,3,0
1.0,834.4,3,0
1.0,1543.25,3,1
1.0,588.48,4,0
1.0,550.0,5,1
1.0,550.0,3,0
1.0,683.28,4,1
1.0,740.88,1,0
1.0,1434.43,2,1
1.0,967.81,4,0
1.0,1028.46,3,0
1.0,550.0,4,0
1.0,1113.69,3,1
1.0,1300.36,4,1
1.0,1006.86,2,1
1.0,1568.19,3,1
1.0,1226.96,4,1
1.0,2405.6,5,1
1.0,1213.01,4,0
1.0,701.87,3,0
1.0,1528.82,3,1
1.0,764.24,2,1
1.0,925.18,3,1
1.0,1085.09,3,1
1.0,1252.11,3,1
1.0,1638.78,3,1
1.0,645.83,3,0
1.0,550.0,3,1
1.0,1559.56,3,1
1.0,1432.31,4,1
1.0,1167.52,4,1
1.0,550.0,3,0
1.0,1618.08,2,0
1.0,1247.13,2,0
1.0,757.36,3,0
1.0,799.39,2,1
1.0,941.81,2,0
1.0,550.0,5,1
1.0,1519.89,3,1
1.0,709.62,4,0
1.0,1474.99,2,0
1.0,550.0,3,1
1.0,966.05,3,0
1.0,756.26,5,0
1.0,2579.34,2,1
1.0,550.0,2,0
1.0,550.0,3,0
1.0,550.0,3,0
1.0,1004.33,4,1
1.0,550.0,4,0
1.0,1296.88,1,0
1.0,1252.56,2,1
1.0,1758.17,3,1
1.0,550.0,2,0
1.0,1544.53,4,1
1.0,853.42,2,0
1.0,699.1,2,0
1.0,1863.33,3,1
1.0,550.0,1,0
1.0,1071.37,4,1
1.0,915.61,3,1
1.0,838.91,1,0
1.0,1537.28,3,1
1.0,792.46,3,1
1.0,557.98,4,0
1.0,1701.34,3,1
1.0,1052.48,3,1
1.0,777.56,2,1
1.0,1567.09,2,0
1.0,1061.97,5,1
1.0,550.0,3,1
1.0,1050.87,4,1
1.0,659.51,1,0
1.0,1849.9,2,1
1.0,1070.0,5,1
1.0,752.71,2,0
1.0,1267.22,4,1
1.0,1569.31,3,1
1.0,611.78,2,0
1.0,1612.52,4,1
1.0,730.03,2,0
1.0,1173.04,3,0
1.0,653.62,4,1
1.0,550.0,3,0
1.0,636.83,3,0
1.0,1017.19,2,0
1.0,933.56,2,0
1.0,550.0,2,1
1.0,1376.09,5,1
1.0,776.93,1,0
1.0,1174.24,3,1
1.0,550.0,2,0
1.0,1269.27,3,0
1.0,1459.29,4,1
1.0,1159.38,4,1
1.0,555.51,2,0
1.0,1427.51,3,1
1.0,550.0,2,1
1.0,550.0,1,1
1.0,627.78,3,0
1.0,1074.21,3,1
1.0,569.26,4,0
1.0,1042.03,3,1
1.0,1371.0,3,1
1.0,599.91,1,0
1.0,550.0,3,1
1.0,767.77,3,0
1.0,1828.53,3,1
1.0,1035.96,5,1
1.0,588.25,5,1
1.0,1608.72,4,1
1.0,1645.3,4,1
1.0,945.51,4,0
1.0,1027.78,4,0
1.0,1774.66,3,0
1.0,1384.88,3,1
1.0,1257.21,4,1
1.0,550.0,2,1
1.0,1146.65,4,1
1.0,862.01,2,0
1.0,610.07,4,0
1.0,550.0,3,0
1.0,795.24,4,0
1.0,623.86,3,1
1.0,1348.57,2,0
1.0,1054.36,4,1
1.0,774.9,4,0
1.0,550.0,2,0
1.0,1433.13,3,1
1.0,759.22,2,1
1.0,583.7,4,1
1.0,613.65,3,1
1.0,925.73,3,1
1.0,550.0,2,1
1.0,1320.0,4,1
1.0,1488.9,4,1
1.0,894.95,2,0
1.0,956.98,2,0
1.0,1287.48,3,1
1.0,550.0,1,0
1.0,1152.86,4,1
1.0,583.36,3,0
1.0,1310.08,5,1
1.0,553.63,2,0
1.0,669.93,4,1
1.0,835.59,1,0
1.0,891.84,3,0
1.0,700.9,3,0
1.0,718.07,5,1
1.0,550.0,3,1
1.0,1637.04,4,1
1.0,1529.31,3,1
1.0,2721.32,4,1
1.0,1868.71,3,1
1.0,1094.63,3,0
1.0,1120.64,6,1
1.0,550.0,3,0
1.0,930.28,2,0
1.0,1811.82,4,1
1.0,1537.35,3,1
1.0,1573.68,2,1
1.0,1954.21,2,0
1.0,993.92,2,0
1.0,550.0,3,0
1.0,813.84,1,0
1.0,1330.24,1,0
1.0,606.62,3,1
1.0,1334.82,3,0
1.0,1254.35,6,1
1.0,774.57,2,1
1.0,991.57,4,0
1.0,966.69,4,0
1.0,1702.79,5,1
1.0,949.39,5,1
1.0,1774.97,3,1
1.0,1899.3,3,1
1.0,1578.44,2,1
1.0,878.71,5,1
1.0,841.37,3,0
1.0,790.32,3,1
1.0,1014.76,1,0
1.0,969.98,4,1
1.0,1223.17,3,1
1.0,604.7,3,1
1.0,1553.28,2,1
1.0,1291.71,3,0
1.0,562.66,4,0
1.0,1883.16,2,1
1.0,1376.19,3,0
1.0,550.0,4,0
1.0,550.0,3,0
1.0,1230.8,2,1
1.0,1535.36,4,1
1.0,773.75,5,1
1.0,1554.53,3,1
1.0,1792.82,3,1
1.0,1167.07,3,1
1.0,1010.1,4,0
1.0,914.2,3,0
1.0,1379.79,3,1
1.0,550.0,3,0
1.0,550.0,2,0
1.0,738.18,3,0
1.0,1267.32,5,1
1.0,550.0,3,0
1.0,813.78,4,1
1.0,550.0,4,0
1.0,1708.43,3,1
1.0,2068.36,4,1
1.0,873.82,3,0
1.0,550.0,2,0
1.0,806.87,3,0
1.0,687.49,1,0
1.0,1080.83,3,1
1.0,550.0,4,0
1.0,1150.13,2,1
1.0,917.29,2,0
1.0,550.0,5,0
1.0,1571.91,2,0
1.0,782.26,2,1
1.0,1161.81,3,0
1.0,1284.31,5,1
1.0,1183.0,4,1
1.0,607.86,1,0
1.0,1055.93,3,0
1.0,1010.63,3,1
1.0,550.0,3,0
1.0,550.0,3,0
1.0,800.7,2,0
1.0,1138.63,3,0
1.0,690.99,2,1
1.0,550.0,4,0
1.0,1339.82,4,0
1.0,1119.47,2,1
1.0,1010.83,3,1
1.0,707.34,3,1
1.0,1946.34,1,0
1.0,1190.82,3,1
1.0,550.0,3,1
1.0,554.01,4,0
1.0,691.0,3,1
1.0,1597.54,3,1
1.0,1356.68,3,1
1.0,849.96,3,1
1.0,550.0,2,0
1.0,550.0,4,1
1.0,1040.39,3,0
1.0,1247.77,3,1
1.0,550.0,1,0
1.0,799.57,2,1
1.0,554.26,2,0
1.0,666.22,4,1
1.0,1362.44,3,1
1.0,550.0,4,0
1.0,550.0,1,0
1.0,1658.26,4,1
1.0,554.8,2,0
1.0,550.0,3,0
1.0,1028.47,4,1
1.0,1644.94,4,1
1.0,736.85,1,1
1.0,965.01,4,0
1.0,917.99,4,1
1.0,1635.03,4,1
1.0,932.28,4,1
1.0,970.6,3,1
1.0,1318.75,3,1
1.0,550.0,3,0
1.0,643.37,3,0
1.0,550.0,4,0
1.0,550.0,3,1
1.0,1047.19,2,0
1.0,1563.58,3,1
1.0,1831.8,2,1
1.0,1856.44,2,1
1.0,550.0,2,0
1.0,550.0,4,0
1.0,983.26,2,0
1.0,837.06,4,0
1.0,550.0,2,0
1.0,1363.54,5,1
1.0,550.0,3,0
1.0,813.44,2,1
1.0,1432.2,4,1
1.0,936.49,2,1
1.0,608.41,2,0
1.0,1844.94,3,0
1.0,1076.36,2,0
1.0,1348.09,5,1
1.0,550.0,1,0
1.0,1668.25,5,1
1.0,1008.63,3,1
1.0,1495.54,4,1
1.0,1973.89,5,1
1.0,1937.42,2,1
1.0,1410.81,2,1
1.0,1036.36,4,0
1.0,1442.57,2,1
1.0,863.31,2,0
1.0,1107.54,1,0
1.0,550.0,2,0
1.0,935.24,2,1
1.0,1280.45,4,0
1.0,1106.34,5,1
1.0,1173.75,2,0
1.0,1761.86,3,1
1.0,1109.92,4,0
1.0,844.95,3,1
1.0,594.57,3,0
1.0,1046.79,3,0
1.0,1639.0,5,1
1.0,550.0,3,0
1.0,1248.3,3,0
1.0,817.26,2,0
1.0,1004.32,4,1
1.0,550.0,2,0
1.0,1280.56,2,0
1.0,703.01,2,0
1.0,1024.7,3,1
1.0,1127.11,2,1
1.0,1259.71,4,1
1.0,1227.08,3,1
1.0,1163.32,3,1
1.0,1622.22,4,1
1.0,550.0,2,0
1.0,760.79,3,0
1.0,1529.15,4,1
1.0,550.0,3,1
1.0,1113.87,5,1
1.0,861.76,4,1
1.0,852.57,2,0
1.0,1452.3,3,1
1.0,1501.25,3,0
1.0,1528.68,3,1
1.0,791.8,3,1
1.0,550.0,1,0
1.0,731.32,1,1
1.0,1294.63,3,1
1.0,692.1,3,1
1.0,594.02,3,1
1.0,794.16,3,0
1.0,781.01,4,1
1.0,1362.72,2,0
1.0,550.0,4,0
1.0,1360.01,2,1
1.0,839.18,3,1
1.0,746.94,3,1
1.0,550.0,4,0
1.0,845.84,3,0
1.0,1144.52,4,1
1.0,1230.22,4,0
1.0,1159.83,2,0
1.0,874.53,3,0
1.0,1134.91,3,1
1.0,808.03,2,0
1.0,550.0,3,0
1.0,815.38,2,0
1.0,1208.86,2,0
1.0,550.0,2,0
1.0,1608.32,3,0
1.0,1697.87,3,0
1.0,1065.39,3,1
1.0,1423.0,2,1
1.0,1250.32,4,1
1.0,1540.08,5,1
1.0,984.21,3,1
1.0,1356.4,4,1
1.0,550.0,4,1
1.0,1594.17,4,1
1.0,1612.72,3,1
1.0,1327.52,3,1
1.0,1756.64,3,1
1.0,550.0,1,0
1.0,2194.65,3,1
1.0,550.0,2,0
1.0,1681.69,3,1
1.0,1243.58,3,0
1.0,943.11,2,0
1.0,819.71,2,0
1.0,550.0,2,0
1.0,777.79,3,1
1.0,965.04,3,0
1.0,550.0,3,1
1.0,1628.72,4,1
1.0,907.51,3,0
1.0,550.0,2,0
1.0,550.0,2,0
1.0,1664.88,4,1
1.0,1188.92,1,0
1.0,550.0,3,0
1.0,1784.63,4,1
1.0,822.24,4,1
1.0,1488.04,1,0
1.0,1635.34,3,1
1.0,1244.67,3,0
1.0,1092.07,2,1
1.0,550.0,3,0
1.0,1145.22,3,0
1.0,550.0,2,0
1.0,550.0,5,0
1.0,1622.43,1,1
1.0,550.0,3,0
1.0,1457.94,2,1
1.0,1465.72,3,1
1.0,813.44,2,0
1.0,1355.66,1,0
1.0,1964.4,2,0
1.0,783.13,2,0
1.0,785.99,3,0
1.0,769.33,2,1
1.0,1984.35,4,1
1.0,550.0,4,0
1.0,933.99,4,1
1.0,754.7,1,0
1.0,978.37,3,1
1.0,866.92,2,0
1.0,720.07,2,0
1.0,1035.55,6,1
1.0,1635.13,3,1
1.0,860.5,4,0
1.0,805.18,4,0
1.0,550.0,4,0
1.0,669.92,3,0
1.0,550.0,2,0
1.0,1284.04,3,1
1.0,900.27,5,1
1.0,1298.07,2,0
1.0,1191.96,2,1
1.0,550.0,4,0
1.0,2468.58,3,1
1.0,589.27,4,0
1.0,1270.65,4,1
1.0,1516.73,3,1
1.0,645.31,4,1
1.0,935.59,2,0
1.0,934.48,4,0
1.0,738.76,1,1
1.0,555.88,3,1
1.0,1002.76,3,1
1.0,1339.23,3,0
1.0,857.78,3,0
1.0,690.82,5,0
1.0,1510.98,2,0
1.0,1194.41,4,1
1.0,1569.16,2,1
1.0,677.16,2,1
1.0,2189.13,4,0
1.0,2237.66,3,1
1.0,1173.33,2,0
1.0,990.47,3,1
1.0,1506.32,3,1
1.0,1744.56,2,1
1.0,1124.78,3,1
1.0,1545.13,4,1
1.0,1314.72,2,0
1.0,1109.44,3,0
1.0,1358.29,3,1
1.0,1075.91,4,1
1.0,789.29,1,0
1.0,1371.48,4,1
1.0,1187.73,3,1
1.0,1179.23,4,1
1.0,830.87,3,0
1.0,550.0,4,1
1.0,1052.51,3,1
1.0,550.0,3,0
1.0,1308.37,5,1
1.0,550.0,2,0
1.0,590.02,3,0
1.0,898.96,5,1
1.0,995.06,3,1
1.0,1046.72,1,0
1.0,1676.09,2,1
1.0,550.0,3,0
1.0,550.0,2,0
1.0,1028.83,4,0
1.0,984.01,2,0
1.0,550.0,5,0
1.0,693.18,2,1
1.0,1019.02,3,0
1.0,1555.84,3,1
1.0,898.6,4,1
1.0,2093.21,2,0
1.0,780.1,2,0
1.0,553.44,4,0
1.0,1241.41,3,0
1.0,550.0,4,0
1.0,1002.88,2,0
1.0,1092.84,3,0
1.0,696.71,3,0
1.0,1409.85,4,1
1.0,1789.2,5,1
1.0,550.0,4,0
1.0,1346.71,3,1
1.0,550.0,3,0
1.0,1140.53,4,0
1.0,550.0,2,0
1.0,1566.17,4,1
1.0,1520.84,2,0
1.0,1287.6,4,1
1.0,1440.88,3,1
1.0,1817.51,2,0
1.0,1406.02,2,1
1.0,1457.32,3,0
1.0,1498.62,3,1
1.0,1181.63,4,1
1.0,1259.23,5,1
1.0,550.0,2,1
1.0,1532.97,4,1
1.0,841.15,2,0
1.0,1125.42,1,0
1.0,1238.53,3,1
1.0,1183.87,5,0
1.0,724.56,2,1
1.0,1164.17,1,0
1.0,800.24,4,1
1.0,1786.61,3,1
1.0,707.78,3,0
1.0,1326.33,2,0
1.0,1427.45,4,1
1.0,1601.53,4,1
1.0,797.3,4,0
1.0,550.0,3,1
1.0,1487.75,3,1
1.0,1299.92,3,1
1.0,550.0,3,0
1.0,626.54,3,0
1.0,550.0,2,0
1.0,1482.85,4,0
1.0,1572.67,1,0
1.0,679.57,2,0
1.0,961.63,3,0
1.0,1032.15,3,0
1.0,1091.18,2,0
1.0,1423.76,3,1
1.0,550.0,3,0
1.0,1724.17,3,1
1.0,881.16,4,1
1.0,550.0,4,1
1.0,550.0,2,0
1.0,1064.35,3,1
1.0,1607.84,4,1
1.0,1527.91,3,0
1.0,550.0,4,0
1.0,1076.92,2,1
1.0,550.0,4,0
1.0,1689.01,3,1
1.0,674.92,3,0
1.0,565.46,5,1
1.0,1743.78,3,1
1.0,768.26,2,0
1.0,1297.08,5,1
1.0,858.81,3,0
1.0,550.0,3,0
1.0,965.69,4,1
1.0,550.0,3,0
1.0,733.82,3,1
1.0,564.0,4,0
1.0,1237.24,3,1
1.0,550.0,2,0
1.0,852.32,2,0
1.0,711.62,5,1
1.0,1912.38,4,1
1.0,550.0,2,0
1.0,1051.52,3,1
1.0,586.53,3,1
1.0,885.62,3,0
1.0,614.09,4,0
1.0,550.0,5,1
1.0,806.9,3,1
1.0,1324.76,3,0
1.0,1693.55,3,0
1.0,558.97,2,0
1.0,945.19,4,1
1.0,1532.61,3,1
1.0,1634.97,4,1
1.0,550.0,3,0
1.0,1002.7,4,1
1.0,1389.32,4,1
1.0,950.91,2,0
1.0,550.0,2,0
1.0,1021.58,3,1
1.0,1058.54,2,0
1.0,832.15,2,0
1.0,748.24,3,0
1.0,550.0,5,0
1.0,550.0,3,0
1.0,690.85,3,0
1.0,1761.01,2,1
1.0,550.0,3,0
1.0,1046.69,3,0
1.0,1282.25,4,1
1.0,1083.33,3,1
1.0,1003.86,5,1
1.0,550.0,5,1
1.0,737.53,3,0
1.0,550.0,3,0
1.0,1241.82,3,1
1.0,1040.56,3,1
1.0,1438.6,5,1
1.0,939.05,3,0
1.0,1339.86,6,1
1.0,774.59,3,0
1.0,1929.33,4,1
1.0,1488.2,4,1
1.0,2115.54,1,1
1.0,1066.74,3,0
1.0,550.0,3,1
1.0,826.87,4,1
1.0,1357.84,3,1
1.0,1156.97,4,1
1.0,550.0,3,0
1.0,550.0,4,0
1.0,1302.97,4,1
1.0,1856.18,2,0
1.0,1063.04,3,1
1.0,1038.6,2,0
1.0,1686.82,2,0
1.0,550.0,4,1
1.0,1385.14,3,1
1.0,915.54,4,1
1.0,2233.04,3,1
1.0,1016.62,3,0
1.0,1423.75,2,1
1.0,1016.53,3,1
1.0,1153.8,4,1
1.0,834.66,2,1
1.0,631.39,4,0
1.0,550.0,3,0
1.0,817.6,4,1
1.0,983.44,4,1
1.0,1601.72,1,1
1.0,659.64,3,0
1.0,965.05,1,0
1.0,1143.71,1,0
1.0,952.63,4,0
1.0,2670.46,4,1
1.0,1175.07,4,1
1.0,550.0,1,1
1.0,912.66,4,1
1.0,550.0,2,0
1.0,550.0,4,0
1.0,1437.56,5,1
1.0,1756.32,3,1
1.0,550.0,4,0
1.0,1589.14,3,1
1.0,1325.42,3,1
1.0,1361.23,3,1
1.0,550.0,4,0
1.0,1924.5,3,1
1.0,876.31,3,0
1.0,1000.08,3,0
1.0,1305.92,5,1
1.0,550.0,2,1
1.0,1375.64,3,1
1.0,1557.14,3,0
1.0,561.99,3,0
1.0,1542.26,3,1
1.0,1464.41,3,1
1.0,645.07,3,1
1.0,586.27,4,0
1.0,1350.43,3,0
1.0,2090.48,4,1
1.0,1237.2,2,0
1.0,688.88,3,1
1.0,1002.01,4,0
1.0,1118.5,1,0
1.0,637.9,2,0
1.0,1504.02,2,0
1.0,1128.66,3,1
1.0,1351.0,4,0
1.0,1157.68,3,1
1.0,550.0,4,1
1.0,550.0,3,0
1.0,947.97,4,1
1.0,550.0,2,0
1.0,1032.22,4,1
1.0,550.0,3,0
1.0,550.0,1,0
1.0,550.0,3,0
1.0,634.94,2,0
1.0,806.19,1,0
1.0,1613.59,3,1
1.0,1339.88,4,1
1.0,1384.41,2,0
1.0,842.88,3,0
1.0,1367.54,2,0
1.0,550.0,2,1
1.0,886.52,1,0
1.0,1349.32,2,0
1.0,1123.25,4,0
1.0,982.47,2,0
1.0,1034.81,3,0
1.0,550.0,5,1
1.0,550.0,3,0
1.0,761.99,1,0
1.0,828.24,2,1
1.0,1198.58,3,0
1.0,1230.2,4,1
1.0,923.99,3,1
1.0,550.0,2,0
1.0,2192.52,3,1
1.0,1051.25,2,0
1.0,550.0,3,0
1.0,682.66,4,0
1.0,1793.47,2,0
1.0,550.0,3,0
1.0,1053.75,3,0
1.0,820.57,3,1
1.0,550.0,2,1
1.0,774.77,4,1
1.0,736.99,3,0
1.0,550.0,1,0
1.0,1209.09,5,1
1.0,1267.34,4,1
1.0,1191.88,3,0
1.0,757.63,3,1
1.0,550.0,4,1
1.0,1360.15,2,0
1.0,1439.93,4,1
1.0,1302.39,3,0
1.0,561.83,3,1
1.0,905.01,3,0
1.0,1763.24,3,0
1.0,912.71,2,0
1.0,1913.1,4,1
1.0,1307.56,4,1
1.0,673.11,2,0
1.0,550.0,3,0
1.0,550.0,2,0
1.0,550.0,3,1
1.0,550.0,3,0
1.0,1660.73,2,1
1.0,1139.69,3,0
1.0,775.64,5,1
1.0,550.0,5,1
1.0,1626.92,4,1
1.0,915.19,2,0
1.0,1001.18,4,1
1.0,733.04,4,1
1.0,1488.72,2,1
1.0,1291.88,2,0
1.0,936.15,3,1
1.0,1330.07,3,1
1.0,1522.56,1,0
1.0,780.97,2,1
1.0,2525.19,1,1
1.0,1069.43,2,0
1.0,2161.12,2,1
1.0,1306.01,4,1
1.0,550.0,1,0
1.0,1982.9,4,1
1.0,763.62,2,0
1.0,550.0,3,0
1.0,1968.46,4,1
1.0,2063.7,3,1
1.0,944.48,3,1
1.0,1578.91,5,1
1.0,1177.71,1,0
1.0,691.76,4,0
1.0,783.15,2,0
1.0,1136.23,4,0
1.0,903.0,4,1
1.0,843.49,3,0
1.0,550.0,2,0
1.0,823.43,3,0
1.0,2131.78,4,1
1.0,888.61,4,1
1.0,764.69,2,1
1.0,1024.69,4,1
1.0,1004.4,3,0
1.0,1329.39,4,1
1.0,1303.74,4,0
1.0,2114.0,4,1
1.0,1437.55,2,0
1.0,675.68,2,0
1.0,1288.28,4,1
1.0,2550.32,4,1
1.0,944.88,3,1
1.0,550.0,3,0
1.0,935.74,1,0
1.0,1044.95,3,0
1.0,693.49,3,0
1.0,729.98,2,0
1.0,1380.8,4,1
1.0,1003.45,3,1
1.0,550.0,3,0
1.0,1234.68,4,1
1.0,550.0,1,1
1.0,1097.56,4,1
1.0,797.3,3,1
1.0,1328.73,2,0
1.0,1005.4,2,1
1.0,1431.14,5,1
1.0,1055.67,4,1
1.0,550.0,1,0
1.0,1572.85,4,0
1.0,746.67,4,1
1.0,1353.38,3,0
1.0,550.0,3,0
1.0,1414.69,2,1
1.0,625.26,2,0
1.0,632.87,3,1
1.0,994.94,3,1
1.0,888.27,3,1
1.0,1205.34,5,1
1.0,1438.94,4,1
1.0,793.69,3,0
1.0,1207.69,4,1
1.0,1067.29,2,1
1.0,812.21,2,0
1.0,1120.96,3,1
1.0,1356.12,3,1
1.0,550.0,4,1
1.0,1320.89,2,1
1.0,769.16,2,0
1.0,919.69,2,0
1.0,692.41,3,0
1.0,1244.03,3,0
1.0,919.36,2,0
1.0,1159.37,2,0
1.0,814.83,4,1
1.0,778.73,2,1
1.0,550.0,2,1
1.0,1236.71,5,1
1.0,1927.22,5,1
1.0,1295.72,2,0
1.0,550.0,2,0
1.0,1429.28,2,0
1.0,1114.19,3,0
1.0,550.0,2,0
1.0,1674.82,6,1
1.0,550.0,2,0
1.0,1007.21,2,0
1.0,1409.03,2,0
1.0,1032.01,4,1
1.0,1194.44,3,1
1.0,1396.28,3,0
1.0,550.0,3,0
1.0,1917.9,2,0
1.0,759.17,3,0
1.0,550.0,2,1
1.0,771.76,2,0
1.0,1351.18,3,1
1.0,1048.34,4,1
1.0,1166.68,3,0
1.0,1821.56,3,0
1.0,1835.88,4,1
1.0,1682.91,4,1
1.0,1571.87,3,1
1.0,1183.2,4,1
1.0,550.0,3,0
1.0,550.0,1,1
1.0,565.41,4,0
1.0,1018.91,4,1
1.0,1433.84,4,1
1.0,550.0,3,0
1.0,755.25,2,1
1.0,954.8,1,1
1.0,1481.34,5,1
1.0,1256.23,5,1
1.0,550.0,3,0
1.0,1791.87,3,1
1.0,1433.01,3,1
1.0,1146.1,4,1
1.0,1402.17,2,1
1.0,1161.97,1,0
1.0,709.6,4,0
1.0,1313.78,3,1
1.0,605.01,3,0
1.0,1689.85,3,1
1.0,1501.09,2,0
1.0,1115.34,3,0
1.0,1810.08,4,1
1.0,550.0,1,0
1.0,1397.05,3,1
1.0,1618.91,4,1
1.0,1225.4,3,1
1.0,1452.7,3,0
1.0,1898.58,2,1
1.0,2167.29,3,1
1.0,550.0,2,0
1.0,1753.46,4,0
1.0,1297.26,5,1
1.0,890.0,5,1
1.0,1191.94,3,1
1.0,558.0,4,0
1.0,550.0,2,0
1.0,1186.8,5,1
1.0,972.33,3,1
1.0,1082.65,3,1
1.0,1654.8,4,1
1.0,1199.97,3,1
1.0,1148.28,3,1
1.0,1724.22,4,1
1.0,550.0,4,1
1.0,812.41,3,0
1.0,1487.34,3,1
1.0,1068.87,3,1
1.0,569.55,3,0
1.0,923.61,4,0
1.0,1519.25,4,0
1.0,810.68,2,0
1.0,1956.56,3,0
1.0,1166.46,3,1
1.0,1435.76,3,1
1.0,962.64,2,0
1.0,1801.97,3,1
1.0,635.61,3,0
1.0,632.37,3,0
1.0,645.62,3,0
1.0,1888.4,4,1
1.0,762.97,5,1
1.0,1478.67,4,1
1.0,1556.62,3,1
1.0,1177.78,4,1
1.0,1009.88,3,1
1.0,1083.43,4,1
1.0,550.0,3,0
1.0,550.0,4,1
1.0,651.19,3,0
1.0,550.0,4,1
1.0,550.0,1,0
1.0,672.46,2,1
1.0,1772.17,3,1
1.0,588.65,3,0
1.0,714.95,2,0
1.0,601.72,4,0
1.0,1368.0,5,1
1.0,1872.27,5,1
1.0,1417.6,2,1
1.0,760.03,5,1
1.0,793.3,3,1
1.0,570.62,3,0
1.0,1204.83,4,1
1.0,1626.51,4,1
1.0,634.09,3,0
1.0,550.0,3,1
1.0,1226.31,4,1
1.0,1245.13,3,1
1.0,550.0,3,1
1.0,855.93,1,0
1.0,550.0,2,0
1.0,550.0,3,0
1.0,1720.35,3,1
1.0,1322.13,4,1
1.0,732.31,1,0
1.0,1191.59,3,0
1.0,550.0,3,0
1.0,997.28,3,1
1.0,2061.01,3,0
1.0,550.0,1,1
1.0,550.0,3,1
1.0,854.43,2,0
1.0,1504.98,2,1
1.0,1277.53,4,1
1.0,1967.39,2,1
1.0,550.0,3,0
1.0,602.01,3,0
1.0,1296.17,3,1
1.0,1136.09,4,0
1.0,2526.53,4,1
1.0,550.0,3,0
1.0,882.68,3,1
1.0,1358.08,4,1
1.0,682.34,3,0
1.0,679.89,4,1
1.0,1413.7,3,0
1.0,1520.43,4,1
1.0,1773.82,3,1
1.0,1688.74,2,1
1.0,1271.07,4,1
1.0,1127.92,2,0
1.0,812.22,4,1
1.0,550.0,2,0
1.0,1364.59,3,0
1.0,550.0,1,1
1.0,836.53,4,1
1.0,1397.88,2,1
1.0,682.85,5,1
1.0,550.0,4,1
1.0,1108.17,3,0
1.0,903.59,5,0
1.0,829.74,4,1
1.0,1619.25,3,1
1.0,795.4,2,0
1.0,923.3,2,0
1.0,1209.1,1,0
1.0,619.77,4,1
1.0,1035.22,5,1
1.0,1508.28,2,0
1.0,1161.75,4,0
1.0,1820.84,4,1
1.0,1063.97,2,0
1.0,550.0,5,1
1.0,550.0,3,0
1.0,857.34,2,0
1.0,723.81,5,1
1.0,805.83,4,1
1.0,946.91,3,1
1.0,1734.6,1,1
1.0,1735.95,3,1
1.0,879.07,4,0
1.0,953.78,2,1
1.0,550.0,2,0
1.0,666.65,4,1
1.0,1058.63,4,1
1.0,936.61,4,1
1.0,1064.61,3,0
1.0,583.03,1,0
1.0,1840.83,4,1
1.0,1187.21,3,0
1.0,2191.53,4,1
1.0,1328.21,3,1
1.0,1004.24,3,0
1.0,579.63,1,0
1.0,1565.15,4,1
1.0,550.0,1,0
1.0,639.35,4,1
1.0,1161.83,3,1
1.0,1647.67,3,1
1.0,1761.42,5,1
1.0,977.51,3,1
1.0,550.89,5,1
1.0,550.0,5,1
1.0,1214.95,4,0
1.0,573.23,2,1
1.0,1270.45,2,0
1.0,550.0,4,0
1.0,1903.44,2,1
1.0,550.0,2,0
1.0,1176.45,4,1
1.0,682.98,3,0
1.0,674.28,4,1
1.0,755.33,3,0
1.0,1091.16,4,1
1.0,869.17,1,0
1.0,550.0,3,0
1.0,550.0,2,0
1.0,1346.52,4,1
1.0,1860.6,4,1
1.0,1039.42,2,0
1.0,931.48,2,0
1.0,1587.62,1,0
1.0,869.37,4,0
1.0,550.0,4,1
1.0,964.89,1,0
1.0,835.93,4,0
1.0,550.0,3,0
1.0,880.36,5,0
1.0,663.07,4,1
1.0,722.72,5,1
1.0,550.0,1,0
1.0,1696.31,3,1
1.0,550.0,3,0
1.0,1061.65,5,1
1.0,1866.18,3,1
1.0,1056.4,2,0
1.0,1053.69,2,0
1.0,790.99,2,1
1.0,1215.85,3,0
1.0,1627.88,2,1
1.0,550.0,4,0
1.0,1255.62,3,0
1.0,956.85,2,0
1.0,1811.78,4,0
1.0,998.58,3,0
1.0,550.0,2,0
1.0,661.64,2,0
1.0,1408.21,2,0
1.0,1204.82,3,0
1.0,843.94,2,0
1.0,550.0,2,0
1.0,1067.19,3,1
1.0,594.62,2,1
1.0,1019.73,3,1
1.0,1103.49,4,0
1.0,1084.89,4,1
1.0,1434.69,3,0
1.0,1924.04,4,1
1.0,1190.85,2,1
1.0,713.02,3,1
1.0,888.39,4,0
1.0,821.75,3,1
1.0,1262.48,4,1
1.0,550.0,2,0
1.0,693.88,3,0
1.0,1266.86,4,0
1.0,607.24,3,0
1.0,1294.53,1,0
1.0,1408.17,2,0
1.0,1053.27,3,0
1.0,1400.63,5,1
1.0,1435.79,2,1
1.0,851.21,4,1
1.0,777.23,3,1
1.0,968.6,3,0
1.0,1084.84,3,1
1.0,1341.95,5,0
1.0,742.07,3,0
1.0,1439.53,2,1
1.0,974.69,4,1
1.0,1843.76,3,1
1.0,550.0,4,1
1.0,1362.68,3,0
